{"stats":{"minecraft:used":{"minecraft:mutton":5},"minecraft:custom":{"minecraft:time_since_rest":66,"minecraft:play_time":21420,"minecraft:crouch_one_cm":8,"minecraft:sprint_one_cm":54494,"minecraft:walk_one_cm":28883,"minecraft:damage_taken":833,"minecraft:deaths":3,"minecraft:sneak_time":120,"minecraft:walk_under_water_one_cm":2674,"minecraft:mob_kills":3,"minecraft:jump":353,"minecraft:damage_dealt":241,"minecraft:leave_game":1,"minecraft:time_since_death":33,"minecraft:walk_on_water_one_cm":93092,"minecraft:total_world_time":21420,"minecraft:swim_one_cm":5206,"minecraft:fall_one_cm":10760,"minecraft:fly_one_cm":55123},"minecraft:picked_up":{"minecraft:wheat_seeds":1,"minecraft:oak_log":2,"minecraft:mutton":5,"minecraft:white_wool":3,"minecraft:dirt":2},"minecraft:killed_by":{"minecraft:creeper":1,"minecraft:spider":1},"minecraft:crafted":{"minecraft:oak_planks":4,"minecraft:crafting_table":1},"minecraft:killed":{"minecraft:sheep":3},"minecraft:mined":{"minecraft:oak_log":2,"minecraft:short_grass":18,"minecraft:seagrass":2,"minecraft:grass_block":2,"minecraft:tall_seagrass":2,"minecraft:kelp_plant":3,"minecraft:tall_grass":8,"minecraft:oak_leaves":5}},"DataVersion":3953}