{"stats":{"minecraft:custom":{"minecraft:jump":120,"minecraft:time_since_rest":4365,"minecraft:deaths":1,"minecraft:crouch_one_cm":8,"minecraft:walk_on_water_one_cm":86771,"minecraft:sprint_one_cm":22692,"minecraft:play_time":13965,"minecraft:damage_taken":350,"minecraft:time_since_death":4323,"minecraft:walk_one_cm":15123,"minecraft:sneak_time":120,"minecraft:total_world_time":13965,"minecraft:walk_under_water_one_cm":2481,"minecraft:swim_one_cm":4165,"minecraft:fall_one_cm":5200,"minecraft:fly_one_cm":18171},"minecraft:picked_up":{"minecraft:dirt":2},"minecraft:mined":{"minecraft:grass_block":2,"minecraft:seagrass":2,"minecraft:tall_seagrass":2,"minecraft:oak_leaves":4,"minecraft:kelp_plant":3}},"DataVersion":3953}