{"stats":{"minecraft:picked_up":{"minecraft:birch_log":5,"minecraft:iron_chestplate":1,"minecraft:crafting_table":8,"minecraft:cooked_beef":2,"minecraft:feather":23,"minecraft:chicken":15,"minecraft:andesite":11,"minecraft:glow_ink_sac":3,"minecraft:salmon":15,"minecraft:leather":17,"minecraft:brown_wool":2,"minecraft:gold_block":2,"minecraft:tuff":6,"minecraft:oak_log":61,"minecraft:golden_boots":1,"minecraft:string":5,"minecraft:shield":1,"minecraft:lapis_lazuli":8,"minecraft:dirt":25,"minecraft:raw_copper":1,"minecraft:flint_and_steel":1,"minecraft:oak_sign":4,"minecraft:bone":9,"minecraft:apple":1,"minecraft:bow":2,"minecraft:wheat_seeds":1,"minecraft:cobbled_deepslate":55,"minecraft:raw_gold":21,"minecraft:stone_pickaxe":2,"minecraft:beef":13,"minecraft:iron_nugget":10,"minecraft:iron_pickaxe":1,"minecraft:chest":3,"minecraft:furnace":8,"minecraft:golden_helmet":1,"minecraft:stick":5,"minecraft:raw_iron":82,"minecraft:pumpkin":1,"minecraft:torch":30,"minecraft:gravel":2,"minecraft:fire_charge":1,"minecraft:porkchop":17,"minecraft:golden_chestplate":1,"minecraft:white_bed":1,"minecraft:spider_eye":2,"minecraft:stone_sword":1,"minecraft:arrow":9,"minecraft:rotten_flesh":4,"minecraft:diamond":24,"minecraft:iron_helmet":1,"minecraft:gray_wool":1,"minecraft:oak_sapling":4,"minecraft:black_wool":2,"minecraft:mutton":33,"minecraft:coal":48,"minecraft:white_wool":19,"minecraft:cobblestone":139},"minecraft:crafted":{"minecraft:cooked_beef":6,"minecraft:wooden_sword":4,"minecraft:oak_planks":244,"minecraft:oak_sign":3,"minecraft:cooked_porkchop":10,"minecraft:crafting_table":4,"minecraft:wooden_pickaxe":2,"minecraft:cooked_chicken":9,"minecraft:iron_helmet":1,"minecraft:iron_sword":1,"minecraft:furnace":4,"minecraft:cooked_salmon":15,"minecraft:birch_planks":20,"minecraft:cooked_mutton":31,"minecraft:air":0,"minecraft:diamond_pickaxe":1,"minecraft:iron_boots":1,"minecraft:iron_chestplate":1,"minecraft:shield":1,"minecraft:iron_axe":1,"minecraft:stick":48,"minecraft:iron_ingot":52,"minecraft:iron_pickaxe":1,"minecraft:stone_pickaxe":2,"minecraft:wooden_axe":4,"minecraft:stone_sword":1,"minecraft:chest":4,"minecraft:iron_leggings":1,"minecraft:white_bed":2,"minecraft:torch":64},"minecraft:dropped":{"minecraft:diamond":6,"minecraft:raw_iron":46,"minecraft:pumpkin":1,"minecraft:fire_charge":1},"minecraft:used":{"minecraft:cooked_mutton":19,"minecraft:stone_sword":143,"minecraft:stone_pickaxe":160,"minecraft:oak_sign":1,"minecraft:shield":14,"minecraft:chest":7,"minecraft:wooden_pickaxe":5,"minecraft:iron_sword":41,"minecraft:cooked_chicken":6,"minecraft:cooked_salmon":15,"minecraft:iron_chestplate":1,"minecraft:torch":80,"minecraft:dirt":20,"minecraft:crafting_table":10,"minecraft:white_bed":3,"minecraft:tuff":6,"minecraft:wooden_axe":86,"minecraft:iron_axe":49,"minecraft:iron_pickaxe":226,"minecraft:iron_helmet":1,"minecraft:gravel":2,"minecraft:wooden_sword":99,"minecraft:fire_charge":1,"minecraft:bow":6,"minecraft:cobblestone":86,"minecraft:oak_sapling":3,"minecraft:furnace":9,"minecraft:cooked_beef":6,"minecraft:cobbled_deepslate":54},"minecraft:broken":{"minecraft:stone_pickaxe":1,"minecraft:wooden_sword":1,"minecraft:stone_sword":1,"minecraft:wooden_axe":1},"minecraft:custom":{"minecraft:interact_with_furnace":100,"minecraft:mob_kills":100,"minecraft:interact_with_crafting_table":47,"minecraft:open_barrel":3,"minecraft:time_since_death":41115,"minecraft:sleep_in_bed":3,"minecraft:time_since_rest":10854,"minecraft:sprint_one_cm":414637,"minecraft:damage_taken":3243,"minecraft:walk_one_cm":250398,"minecraft:damage_blocked_by_shield":379,"minecraft:drop":9,"minecraft:damage_dealt":9942,"minecraft:swim_one_cm":226998,"minecraft:fly_one_cm":406881,"minecraft:open_chest":46,"minecraft:crouch_one_cm":5615,"minecraft:play_time":147375,"minecraft:deaths":2,"minecraft:sneak_time":2945,"minecraft:walk_under_water_one_cm":50839,"minecraft:jump":2897,"minecraft:walk_on_water_one_cm":75250,"minecraft:total_world_time":147375,"minecraft:fall_one_cm":87758},"minecraft:killed_by":{"minecraft:skeleton":1},"minecraft:killed":{"minecraft:pig":9,"minecraft:salmon":17,"minecraft:spider":3,"minecraft:bat":1,"minecraft:sheep":23,"minecraft:skeleton":12,"minecraft:goat":2,"minecraft:zombie":6,"minecraft:chicken":15,"minecraft:drowned":2,"minecraft:cow":7},"minecraft:mined":{"minecraft:tuff":6,"minecraft:white_bed":1,"minecraft:deepslate_diamond_ore":9,"minecraft:cornflower":1,"minecraft:torch":8,"minecraft:crafting_table":8,"minecraft:short_grass":25,"minecraft:grass_block":18,"minecraft:chest":3,"minecraft:cobblestone":3,"minecraft:tall_grass":10,"minecraft:deepslate_gold_ore":7,"minecraft:oak_wall_sign":1,"minecraft:wall_torch":22,"minecraft:furnace":6,"minecraft:birch_log":5,"minecraft:iron_ore":13,"minecraft:cobbled_deepslate":2,"minecraft:andesite":11,"minecraft:birch_leaves":1,"minecraft:gold_block":1,"minecraft:pumpkin":1,"minecraft:deepslate_lapis_ore":1,"minecraft:coal_ore":43,"minecraft:oak_log":62,"minecraft:deepslate_iron_ore":69,"minecraft:gravel":2,"minecraft:dirt":7,"minecraft:stone":136,"minecraft:oak_leaves":12,"minecraft:deepslate":56}},"DataVersion":3953}