{"stats":{"minecraft:picked_up":{"minecraft:birch_log":5,"minecraft:iron_chestplate":1,"minecraft:crafting_table":6,"minecraft:cooked_beef":2,"minecraft:feather":20,"minecraft:chicken":12,"minecraft:andesite":11,"minecraft:glow_ink_sac":3,"minecraft:salmon":15,"minecraft:leather":5,"minecraft:brown_wool":1,"minecraft:tuff":6,"minecraft:oak_log":39,"minecraft:shield":1,"minecraft:lapis_lazuli":8,"minecraft:dirt":20,"minecraft:raw_copper":1,"minecraft:bone":2,"minecraft:bow":2,"minecraft:cobbled_deepslate":54,"minecraft:raw_gold":14,"minecraft:stone_pickaxe":1,"minecraft:beef":7,"minecraft:iron_pickaxe":1,"minecraft:chest":1,"minecraft:furnace":5,"minecraft:stick":3,"minecraft:raw_iron":79,"minecraft:torch":30,"minecraft:gravel":2,"minecraft:fire_charge":1,"minecraft:porkchop":4,"minecraft:stone_sword":1,"minecraft:arrow":2,"minecraft:rotten_flesh":3,"minecraft:diamond":18,"minecraft:iron_helmet":1,"minecraft:oak_sapling":4,"minecraft:mutton":14,"minecraft:coal":29,"minecraft:white_wool":8,"minecraft:cobblestone":125},"minecraft:crafted":{"minecraft:cooked_beef":2,"minecraft:wooden_sword":2,"minecraft:oak_planks":156,"minecraft:crafting_table":2,"minecraft:wooden_pickaxe":2,"minecraft:cooked_chicken":6,"minecraft:iron_helmet":1,"minecraft:furnace":4,"minecraft:cooked_salmon":15,"minecraft:birch_planks":20,"minecraft:cooked_mutton":12,"minecraft:air":0,"minecraft:iron_boots":1,"minecraft:iron_chestplate":1,"minecraft:shield":1,"minecraft:iron_axe":1,"minecraft:stick":36,"minecraft:iron_ingot":48,"minecraft:iron_pickaxe":1,"minecraft:stone_pickaxe":2,"minecraft:wooden_axe":3,"minecraft:stone_sword":1,"minecraft:chest":2,"minecraft:iron_leggings":1,"minecraft:white_bed":1,"minecraft:torch":52},"minecraft:dropped":{"minecraft:diamond":6,"minecraft:raw_iron":46,"minecraft:fire_charge":1},"minecraft:used":{"minecraft:cooked_mutton":11,"minecraft:stone_sword":100,"minecraft:stone_pickaxe":160,"minecraft:chest":3,"minecraft:wooden_pickaxe":5,"minecraft:cooked_chicken":6,"minecraft:cooked_salmon":15,"minecraft:iron_chestplate":1,"minecraft:torch":77,"minecraft:dirt":17,"minecraft:crafting_table":7,"minecraft:white_bed":1,"minecraft:tuff":6,"minecraft:wooden_axe":62,"minecraft:iron_axe":49,"minecraft:iron_pickaxe":187,"minecraft:iron_helmet":1,"minecraft:gravel":2,"minecraft:wooden_sword":24,"minecraft:fire_charge":1,"minecraft:cobblestone":85,"minecraft:oak_sapling":3,"minecraft:furnace":5,"minecraft:cooked_beef":2,"minecraft:cobbled_deepslate":54},"minecraft:broken":{"minecraft:stone_pickaxe":1,"minecraft:wooden_axe":1},"minecraft:custom":{"minecraft:interact_with_furnace":66,"minecraft:mob_kills":58,"minecraft:interact_with_crafting_table":33,"minecraft:open_barrel":3,"minecraft:time_since_death":5115,"minecraft:sleep_in_bed":1,"minecraft:time_since_rest":5155,"minecraft:sprint_one_cm":324647,"minecraft:damage_taken":2586,"minecraft:walk_one_cm":187776,"minecraft:drop":8,"minecraft:damage_dealt":5302,"minecraft:swim_one_cm":223489,"minecraft:fly_one_cm":245195,"minecraft:open_chest":26,"minecraft:crouch_one_cm":4226,"minecraft:play_time":111375,"minecraft:deaths":2,"minecraft:sneak_time":2027,"minecraft:walk_under_water_one_cm":50251,"minecraft:jump":2069,"minecraft:walk_on_water_one_cm":73708,"minecraft:total_world_time":111375,"minecraft:fall_one_cm":56278},"minecraft:killed_by":{"minecraft:skeleton":1},"minecraft:killed":{"minecraft:pig":2,"minecraft:salmon":17,"minecraft:bat":1,"minecraft:sheep":9,"minecraft:skeleton":5,"minecraft:zombie":4,"minecraft:chicken":12,"minecraft:drowned":2,"minecraft:cow":4},"minecraft:mined":{"minecraft:tuff":6,"minecraft:deepslate_diamond_ore":9,"minecraft:torch":8,"minecraft:crafting_table":6,"minecraft:short_grass":12,"minecraft:grass_block":15,"minecraft:chest":1,"minecraft:cobblestone":3,"minecraft:tall_grass":4,"minecraft:deepslate_gold_ore":7,"minecraft:wall_torch":22,"minecraft:furnace":3,"minecraft:birch_log":5,"minecraft:iron_ore":10,"minecraft:cobbled_deepslate":2,"minecraft:andesite":11,"minecraft:birch_leaves":1,"minecraft:deepslate_lapis_ore":1,"minecraft:coal_ore":26,"minecraft:oak_log":40,"minecraft:deepslate_iron_ore":69,"minecraft:gravel":2,"minecraft:dirt":5,"minecraft:stone":123,"minecraft:oak_leaves":10,"minecraft:deepslate":55}},"DataVersion":3953}