{"stats":{"minecraft:picked_up":{"minecraft:birch_log":5,"minecraft:crafting_table":5,"minecraft:feather":5,"minecraft:chicken":6,"minecraft:andesite":3,"minecraft:glow_ink_sac":1,"minecraft:salmon":15,"minecraft:leather":5,"minecraft:brown_wool":1,"minecraft:oak_log":30,"minecraft:dirt":20,"minecraft:raw_copper":1,"minecraft:bone":1,"minecraft:bow":1,"minecraft:cobbled_deepslate":18,"minecraft:beef":7,"minecraft:chest":1,"minecraft:furnace":3,"minecraft:stick":3,"minecraft:raw_iron":34,"minecraft:torch":3,"minecraft:fire_charge":1,"minecraft:porkchop":4,"minecraft:rotten_flesh":2,"minecraft:oak_sapling":4,"minecraft:mutton":11,"minecraft:coal":29,"minecraft:white_wool":6,"minecraft:cobblestone":87},"minecraft:crafted":{"minecraft:wooden_sword":2,"minecraft:oak_planks":120,"minecraft:crafting_table":2,"minecraft:wooden_pickaxe":2,"minecraft:cooked_chicken":6,"minecraft:iron_helmet":1,"minecraft:furnace":4,"minecraft:cooked_salmon":15,"minecraft:birch_planks":20,"minecraft:cooked_mutton":9,"minecraft:air":0,"minecraft:iron_boots":1,"minecraft:iron_chestplate":1,"minecraft:iron_axe":1,"minecraft:stick":36,"minecraft:iron_ingot":33,"minecraft:iron_pickaxe":1,"minecraft:stone_pickaxe":2,"minecraft:wooden_axe":3,"minecraft:stone_sword":1,"minecraft:chest":2,"minecraft:iron_leggings":1,"minecraft:white_bed":1,"minecraft:torch":44},"minecraft:dropped":{"minecraft:fire_charge":1},"minecraft:used":{"minecraft:cooked_mutton":5,"minecraft:stone_sword":95,"minecraft:stone_pickaxe":160,"minecraft:chest":3,"minecraft:wooden_pickaxe":5,"minecraft:cooked_salmon":14,"minecraft:torch":35,"minecraft:dirt":17,"minecraft:crafting_table":6,"minecraft:white_bed":1,"minecraft:wooden_axe":62,"minecraft:iron_axe":3,"minecraft:iron_pickaxe":16,"minecraft:wooden_sword":24,"minecraft:fire_charge":1,"minecraft:cobblestone":38,"minecraft:oak_sapling":3,"minecraft:furnace":5,"minecraft:cobbled_deepslate":10},"minecraft:broken":{"minecraft:stone_pickaxe":1,"minecraft:wooden_axe":1},"minecraft:custom":{"minecraft:interact_with_furnace":47,"minecraft:mob_kills":46,"minecraft:interact_with_crafting_table":29,"minecraft:open_barrel":3,"minecraft:time_since_death":57364,"minecraft:time_since_rest":57406,"minecraft:sprint_one_cm":215774,"minecraft:damage_taken":1464,"minecraft:walk_one_cm":140906,"minecraft:drop":1,"minecraft:damage_dealt":3993,"minecraft:swim_one_cm":45200,"minecraft:fly_one_cm":146218,"minecraft:open_chest":20,"minecraft:crouch_one_cm":3434,"minecraft:play_time":69375,"minecraft:deaths":1,"minecraft:sneak_time":1623,"minecraft:walk_under_water_one_cm":23486,"minecraft:jump":1281,"minecraft:walk_on_water_one_cm":42187,"minecraft:total_world_time":69375,"minecraft:fall_one_cm":35223},"minecraft:killed_by":{"minecraft:skeleton":1},"minecraft:mined":{"minecraft:torch":1,"minecraft:crafting_table":5,"minecraft:short_grass":6,"minecraft:grass_block":15,"minecraft:chest":1,"minecraft:cobblestone":3,"minecraft:tall_grass":4,"minecraft:wall_torch":2,"minecraft:furnace":3,"minecraft:birch_log":5,"minecraft:iron_ore":9,"minecraft:andesite":3,"minecraft:birch_leaves":1,"minecraft:coal_ore":26,"minecraft:oak_log":30,"minecraft:deepslate_iron_ore":25,"minecraft:dirt":5,"minecraft:stone":85,"minecraft:oak_leaves":8,"minecraft:deepslate":20},"minecraft:killed":{"minecraft:pig":2,"minecraft:salmon":17,"minecraft:bat":1,"minecraft:sheep":7,"minecraft:skeleton":3,"minecraft:zombie":3,"minecraft:chicken":6,"minecraft:drowned":1,"minecraft:cow":4}},"DataVersion":3953}