{"stats":{"minecraft:picked_up":{"minecraft:birch_log":5,"minecraft:iron_chestplate":1,"minecraft:crafting_table":8,"minecraft:cooked_beef":2,"minecraft:feather":23,"minecraft:chicken":15,"minecraft:andesite":11,"minecraft:glow_ink_sac":3,"minecraft:salmon":15,"minecraft:leather":17,"minecraft:brown_wool":2,"minecraft:gold_block":2,"minecraft:tuff":6,"minecraft:oak_log":56,"minecraft:golden_boots":1,"minecraft:shield":1,"minecraft:lapis_lazuli":8,"minecraft:dirt":23,"minecraft:raw_copper":1,"minecraft:flint_and_steel":1,"minecraft:oak_sign":1,"minecraft:bone":2,"minecraft:apple":1,"minecraft:bow":2,"minecraft:wheat_seeds":1,"minecraft:cobbled_deepslate":54,"minecraft:raw_gold":21,"minecraft:stone_pickaxe":1,"minecraft:beef":13,"minecraft:iron_nugget":10,"minecraft:iron_pickaxe":1,"minecraft:chest":2,"minecraft:furnace":7,"minecraft:golden_helmet":1,"minecraft:stick":5,"minecraft:raw_iron":80,"minecraft:pumpkin":1,"minecraft:torch":30,"minecraft:gravel":2,"minecraft:fire_charge":1,"minecraft:porkchop":17,"minecraft:golden_chestplate":1,"minecraft:white_bed":1,"minecraft:spider_eye":1,"minecraft:stone_sword":1,"minecraft:arrow":2,"minecraft:rotten_flesh":3,"minecraft:diamond":24,"minecraft:iron_helmet":1,"minecraft:gray_wool":1,"minecraft:oak_sapling":4,"minecraft:black_wool":2,"minecraft:mutton":33,"minecraft:coal":45,"minecraft:white_wool":19,"minecraft:cobblestone":125},"minecraft:crafted":{"minecraft:cooked_beef":6,"minecraft:wooden_sword":4,"minecraft:oak_planks":224,"minecraft:oak_sign":3,"minecraft:crafting_table":3,"minecraft:wooden_pickaxe":2,"minecraft:cooked_chicken":6,"minecraft:iron_helmet":1,"minecraft:furnace":4,"minecraft:cooked_salmon":15,"minecraft:birch_planks":20,"minecraft:cooked_mutton":22,"minecraft:air":0,"minecraft:iron_boots":1,"minecraft:iron_chestplate":1,"minecraft:shield":1,"minecraft:iron_axe":1,"minecraft:stick":48,"minecraft:iron_ingot":49,"minecraft:iron_pickaxe":1,"minecraft:stone_pickaxe":2,"minecraft:wooden_axe":4,"minecraft:stone_sword":1,"minecraft:chest":3,"minecraft:iron_leggings":1,"minecraft:white_bed":2,"minecraft:torch":52},"minecraft:dropped":{"minecraft:diamond":6,"minecraft:raw_iron":46,"minecraft:pumpkin":1,"minecraft:fire_charge":1},"minecraft:used":{"minecraft:cooked_mutton":11,"minecraft:stone_sword":143,"minecraft:stone_pickaxe":160,"minecraft:oak_sign":1,"minecraft:chest":5,"minecraft:wooden_pickaxe":5,"minecraft:cooked_chicken":6,"minecraft:cooked_salmon":15,"minecraft:iron_chestplate":1,"minecraft:torch":77,"minecraft:dirt":17,"minecraft:crafting_table":10,"minecraft:white_bed":3,"minecraft:tuff":6,"minecraft:wooden_axe":76,"minecraft:iron_axe":49,"minecraft:iron_pickaxe":208,"minecraft:iron_helmet":1,"minecraft:gravel":2,"minecraft:wooden_sword":92,"minecraft:fire_charge":1,"minecraft:cobblestone":85,"minecraft:oak_sapling":3,"minecraft:furnace":9,"minecraft:cooked_beef":6,"minecraft:cobbled_deepslate":54},"minecraft:broken":{"minecraft:stone_pickaxe":1,"minecraft:wooden_sword":1,"minecraft:stone_sword":1,"minecraft:wooden_axe":1},"minecraft:custom":{"minecraft:interact_with_furnace":86,"minecraft:mob_kills":88,"minecraft:interact_with_crafting_table":42,"minecraft:open_barrel":3,"minecraft:time_since_death":29115,"minecraft:sleep_in_bed":2,"minecraft:time_since_rest":11660,"minecraft:sprint_one_cm":387419,"minecraft:damage_taken":2727,"minecraft:walk_one_cm":230157,"minecraft:drop":9,"minecraft:damage_dealt":7903,"minecraft:swim_one_cm":226998,"minecraft:fly_one_cm":380025,"minecraft:open_chest":34,"minecraft:crouch_one_cm":4386,"minecraft:play_time":135375,"minecraft:deaths":2,"minecraft:sneak_time":2132,"minecraft:walk_under_water_one_cm":50839,"minecraft:jump":2751,"minecraft:walk_on_water_one_cm":75250,"minecraft:total_world_time":135375,"minecraft:fall_one_cm":81000},"minecraft:killed_by":{"minecraft:skeleton":1},"minecraft:killed":{"minecraft:pig":9,"minecraft:salmon":17,"minecraft:spider":1,"minecraft:bat":1,"minecraft:sheep":23,"minecraft:skeleton":5,"minecraft:goat":2,"minecraft:zombie":4,"minecraft:chicken":15,"minecraft:drowned":2,"minecraft:cow":7},"minecraft:mined":{"minecraft:tuff":6,"minecraft:white_bed":1,"minecraft:deepslate_diamond_ore":9,"minecraft:cornflower":1,"minecraft:torch":8,"minecraft:crafting_table":8,"minecraft:short_grass":24,"minecraft:grass_block":16,"minecraft:chest":2,"minecraft:cobblestone":3,"minecraft:tall_grass":9,"minecraft:deepslate_gold_ore":7,"minecraft:oak_wall_sign":1,"minecraft:wall_torch":22,"minecraft:furnace":5,"minecraft:birch_log":5,"minecraft:iron_ore":13,"minecraft:cobbled_deepslate":2,"minecraft:andesite":11,"minecraft:birch_leaves":1,"minecraft:gold_block":1,"minecraft:pumpkin":1,"minecraft:deepslate_lapis_ore":1,"minecraft:coal_ore":40,"minecraft:oak_log":57,"minecraft:deepslate_iron_ore":69,"minecraft:gravel":2,"minecraft:dirt":7,"minecraft:stone":123,"minecraft:oak_leaves":10,"minecraft:deepslate":55}},"DataVersion":3953}