{"stats":{"minecraft:picked_up":{"minecraft:birch_log":5,"minecraft:crafting_table":4,"minecraft:feather":5,"minecraft:chicken":6,"minecraft:andesite":3,"minecraft:glow_ink_sac":1,"minecraft:salmon":15,"minecraft:brown_wool":1,"minecraft:leather":5,"minecraft:oak_log":30,"minecraft:dirt":20,"minecraft:raw_copper":1,"minecraft:bone":1,"minecraft:bow":1,"minecraft:cobbled_deepslate":8,"minecraft:beef":7,"minecraft:chest":1,"minecraft:furnace":1,"minecraft:raw_iron":33,"minecraft:stick":3,"minecraft:torch":1,"minecraft:fire_charge":1,"minecraft:porkchop":4,"minecraft:rotten_flesh":2,"minecraft:oak_sapling":4,"minecraft:mutton":11,"minecraft:coal":26,"minecraft:white_wool":6,"minecraft:cobblestone":87},"minecraft:crafted":{"minecraft:wooden_sword":2,"minecraft:oak_planks":120,"minecraft:crafting_table":2,"minecraft:wooden_pickaxe":2,"minecraft:cooked_chicken":6,"minecraft:furnace":4,"minecraft:cooked_salmon":15,"minecraft:birch_planks":20,"minecraft:cooked_mutton":9,"minecraft:air":0,"minecraft:stick":32,"minecraft:iron_ingot":12,"minecraft:stone_pickaxe":2,"minecraft:wooden_axe":3,"minecraft:stone_sword":1,"minecraft:chest":2,"minecraft:white_bed":1,"minecraft:torch":44},"minecraft:dropped":{"minecraft:fire_charge":1},"minecraft:used":{"minecraft:cooked_mutton":4,"minecraft:stone_sword":95,"minecraft:stone_pickaxe":160,"minecraft:chest":3,"minecraft:wooden_pickaxe":5,"minecraft:cooked_salmon":14,"minecraft:torch":23,"minecraft:dirt":17,"minecraft:crafting_table":6,"minecraft:white_bed":1,"minecraft:wooden_axe":62,"minecraft:wooden_sword":24,"minecraft:fire_charge":1,"minecraft:cobblestone":38,"minecraft:oak_sapling":3,"minecraft:furnace":5},"minecraft:broken":{"minecraft:stone_pickaxe":1,"minecraft:wooden_axe":1},"minecraft:custom":{"minecraft:interact_with_furnace":35,"minecraft:mob_kills":46,"minecraft:interact_with_crafting_table":21,"minecraft:open_barrel":3,"minecraft:time_since_death":45603,"minecraft:time_since_rest":45645,"minecraft:sprint_one_cm":196506,"minecraft:damage_taken":1235,"minecraft:walk_one_cm":130873,"minecraft:drop":1,"minecraft:damage_dealt":3962,"minecraft:swim_one_cm":45200,"minecraft:fly_one_cm":135271,"minecraft:open_chest":20,"minecraft:crouch_one_cm":2091,"minecraft:play_time":57614,"minecraft:deaths":1,"minecraft:sneak_time":933,"minecraft:walk_under_water_one_cm":23486,"minecraft:jump":1199,"minecraft:walk_on_water_one_cm":38927,"minecraft:total_world_time":57614,"minecraft:fall_one_cm":32482},"minecraft:killed_by":{"minecraft:skeleton":1},"minecraft:mined":{"minecraft:crafting_table":4,"minecraft:short_grass":6,"minecraft:grass_block":15,"minecraft:chest":1,"minecraft:cobblestone":3,"minecraft:tall_grass":4,"minecraft:wall_torch":1,"minecraft:furnace":1,"minecraft:iron_ore":9,"minecraft:birch_log":5,"minecraft:andesite":3,"minecraft:birch_leaves":1,"minecraft:deepslate_iron_ore":24,"minecraft:oak_log":30,"minecraft:coal_ore":26,"minecraft:dirt":5,"minecraft:stone":85,"minecraft:deepslate":8,"minecraft:oak_leaves":8},"minecraft:killed":{"minecraft:pig":2,"minecraft:salmon":17,"minecraft:bat":1,"minecraft:sheep":7,"minecraft:skeleton":3,"minecraft:zombie":3,"minecraft:chicken":6,"minecraft:drowned":1,"minecraft:cow":4}},"DataVersion":3953}