{"stats":{"minecraft:picked_up":{"minecraft:birch_log":5,"minecraft:crafting_table":6,"minecraft:feather":5,"minecraft:chicken":6,"minecraft:andesite":3,"minecraft:glow_ink_sac":3,"minecraft:salmon":15,"minecraft:leather":5,"minecraft:brown_wool":1,"minecraft:tuff":6,"minecraft:oak_log":30,"minecraft:lapis_lazuli":8,"minecraft:dirt":20,"minecraft:raw_copper":1,"minecraft:bone":2,"minecraft:bow":1,"minecraft:cobbled_deepslate":54,"minecraft:raw_gold":7,"minecraft:beef":7,"minecraft:chest":1,"minecraft:furnace":3,"minecraft:stick":3,"minecraft:raw_iron":79,"minecraft:torch":22,"minecraft:gravel":2,"minecraft:fire_charge":1,"minecraft:porkchop":4,"minecraft:arrow":2,"minecraft:rotten_flesh":3,"minecraft:diamond":9,"minecraft:oak_sapling":4,"minecraft:mutton":11,"minecraft:coal":29,"minecraft:white_wool":6,"minecraft:cobblestone":95},"minecraft:crafted":{"minecraft:wooden_sword":2,"minecraft:oak_planks":120,"minecraft:crafting_table":2,"minecraft:wooden_pickaxe":2,"minecraft:cooked_chicken":6,"minecraft:iron_helmet":1,"minecraft:furnace":4,"minecraft:cooked_salmon":15,"minecraft:birch_planks":20,"minecraft:cooked_mutton":9,"minecraft:air":0,"minecraft:iron_boots":1,"minecraft:iron_chestplate":1,"minecraft:iron_axe":1,"minecraft:stick":36,"minecraft:iron_ingot":33,"minecraft:iron_pickaxe":1,"minecraft:stone_pickaxe":2,"minecraft:wooden_axe":3,"minecraft:stone_sword":1,"minecraft:chest":2,"minecraft:iron_leggings":1,"minecraft:white_bed":1,"minecraft:torch":52},"minecraft:dropped":{"minecraft:fire_charge":1},"minecraft:used":{"minecraft:cooked_mutton":6,"minecraft:stone_sword":95,"minecraft:stone_pickaxe":160,"minecraft:chest":3,"minecraft:wooden_pickaxe":5,"minecraft:cooked_chicken":2,"minecraft:cooked_salmon":15,"minecraft:torch":69,"minecraft:dirt":17,"minecraft:crafting_table":7,"minecraft:white_bed":1,"minecraft:tuff":6,"minecraft:wooden_axe":62,"minecraft:iron_axe":22,"minecraft:iron_pickaxe":145,"minecraft:gravel":2,"minecraft:wooden_sword":24,"minecraft:fire_charge":1,"minecraft:cobblestone":38,"minecraft:oak_sapling":3,"minecraft:furnace":5,"minecraft:cobbled_deepslate":37},"minecraft:broken":{"minecraft:stone_pickaxe":1,"minecraft:wooden_axe":1},"minecraft:custom":{"minecraft:interact_with_furnace":47,"minecraft:mob_kills":49,"minecraft:interact_with_crafting_table":29,"minecraft:open_barrel":3,"minecraft:time_since_death":75364,"minecraft:time_since_rest":75406,"minecraft:sprint_one_cm":278852,"minecraft:damage_taken":1615,"minecraft:walk_one_cm":173024,"minecraft:drop":1,"minecraft:damage_dealt":4673,"minecraft:swim_one_cm":56240,"minecraft:fly_one_cm":167922,"minecraft:open_chest":20,"minecraft:crouch_one_cm":4226,"minecraft:play_time":87375,"minecraft:deaths":1,"minecraft:sneak_time":1944,"minecraft:walk_under_water_one_cm":26148,"minecraft:jump":1633,"minecraft:walk_on_water_one_cm":51231,"minecraft:total_world_time":87375,"minecraft:fall_one_cm":39288},"minecraft:killed_by":{"minecraft:skeleton":1},"minecraft:killed":{"minecraft:pig":2,"minecraft:salmon":17,"minecraft:bat":1,"minecraft:sheep":7,"minecraft:skeleton":5,"minecraft:zombie":4,"minecraft:chicken":6,"minecraft:drowned":1,"minecraft:cow":4},"minecraft:mined":{"minecraft:tuff":6,"minecraft:deepslate_diamond_ore":9,"minecraft:torch":8,"minecraft:crafting_table":6,"minecraft:short_grass":6,"minecraft:grass_block":15,"minecraft:chest":1,"minecraft:cobblestone":3,"minecraft:tall_grass":4,"minecraft:deepslate_gold_ore":7,"minecraft:wall_torch":14,"minecraft:furnace":3,"minecraft:birch_log":5,"minecraft:iron_ore":10,"minecraft:cobbled_deepslate":2,"minecraft:andesite":3,"minecraft:birch_leaves":1,"minecraft:deepslate_lapis_ore":1,"minecraft:coal_ore":26,"minecraft:oak_log":30,"minecraft:deepslate_iron_ore":69,"minecraft:gravel":2,"minecraft:dirt":5,"minecraft:stone":93,"minecraft:oak_leaves":8,"minecraft:deepslate":55}},"DataVersion":3953}