{"stats":{"minecraft:picked_up":{"minecraft:birch_log":5,"minecraft:iron_chestplate":1,"minecraft:crafting_table":7,"minecraft:cooked_beef":2,"minecraft:feather":23,"minecraft:chicken":15,"minecraft:andesite":11,"minecraft:glow_ink_sac":3,"minecraft:salmon":15,"minecraft:leather":11,"minecraft:brown_wool":2,"minecraft:gold_block":1,"minecraft:tuff":6,"minecraft:oak_log":47,"minecraft:shield":1,"minecraft:lapis_lazuli":8,"minecraft:dirt":20,"minecraft:raw_copper":1,"minecraft:bone":2,"minecraft:apple":1,"minecraft:bow":2,"minecraft:wheat_seeds":1,"minecraft:cobbled_deepslate":54,"minecraft:raw_gold":14,"minecraft:stone_pickaxe":1,"minecraft:beef":13,"minecraft:iron_pickaxe":1,"minecraft:chest":1,"minecraft:furnace":7,"minecraft:stick":5,"minecraft:raw_iron":79,"minecraft:pumpkin":1,"minecraft:torch":30,"minecraft:gravel":2,"minecraft:fire_charge":1,"minecraft:porkchop":4,"minecraft:spider_eye":1,"minecraft:stone_sword":1,"minecraft:arrow":2,"minecraft:rotten_flesh":3,"minecraft:diamond":18,"minecraft:iron_helmet":1,"minecraft:oak_sapling":4,"minecraft:black_wool":1,"minecraft:mutton":21,"minecraft:coal":34,"minecraft:white_wool":11,"minecraft:cobblestone":125},"minecraft:crafted":{"minecraft:cooked_beef":6,"minecraft:wooden_sword":3,"minecraft:oak_planks":188,"minecraft:crafting_table":3,"minecraft:wooden_pickaxe":2,"minecraft:cooked_chicken":6,"minecraft:iron_helmet":1,"minecraft:furnace":4,"minecraft:cooked_salmon":15,"minecraft:birch_planks":20,"minecraft:cooked_mutton":14,"minecraft:air":0,"minecraft:iron_boots":1,"minecraft:iron_chestplate":1,"minecraft:shield":1,"minecraft:iron_axe":1,"minecraft:stick":48,"minecraft:iron_ingot":48,"minecraft:iron_pickaxe":1,"minecraft:stone_pickaxe":2,"minecraft:wooden_axe":4,"minecraft:stone_sword":1,"minecraft:chest":2,"minecraft:iron_leggings":1,"minecraft:white_bed":1,"minecraft:torch":52},"minecraft:dropped":{"minecraft:diamond":6,"minecraft:raw_iron":46,"minecraft:pumpkin":1,"minecraft:fire_charge":1},"minecraft:used":{"minecraft:cooked_mutton":11,"minecraft:stone_sword":143,"minecraft:stone_pickaxe":160,"minecraft:chest":3,"minecraft:wooden_pickaxe":5,"minecraft:cooked_chicken":6,"minecraft:cooked_salmon":15,"minecraft:iron_chestplate":1,"minecraft:torch":77,"minecraft:dirt":17,"minecraft:crafting_table":8,"minecraft:white_bed":1,"minecraft:tuff":6,"minecraft:wooden_axe":63,"minecraft:iron_axe":49,"minecraft:iron_pickaxe":193,"minecraft:iron_helmet":1,"minecraft:gravel":2,"minecraft:wooden_sword":31,"minecraft:fire_charge":1,"minecraft:cobblestone":85,"minecraft:oak_sapling":3,"minecraft:furnace":7,"minecraft:cooked_beef":5,"minecraft:cobbled_deepslate":54},"minecraft:broken":{"minecraft:stone_pickaxe":1,"minecraft:stone_sword":1,"minecraft:wooden_axe":1},"minecraft:custom":{"minecraft:interact_with_furnace":82,"minecraft:mob_kills":72,"minecraft:interact_with_crafting_table":35,"minecraft:open_barrel":3,"minecraft:time_since_death":17115,"minecraft:sleep_in_bed":1,"minecraft:time_since_rest":17155,"minecraft:sprint_one_cm":356960,"minecraft:damage_taken":2658,"minecraft:walk_one_cm":213964,"minecraft:drop":9,"minecraft:damage_dealt":6522,"minecraft:swim_one_cm":226998,"minecraft:fly_one_cm":312973,"minecraft:open_chest":28,"minecraft:crouch_one_cm":4238,"minecraft:play_time":123375,"minecraft:deaths":2,"minecraft:sneak_time":2039,"minecraft:walk_under_water_one_cm":50839,"minecraft:jump":2479,"minecraft:walk_on_water_one_cm":75250,"minecraft:total_world_time":123375,"minecraft:fall_one_cm":70980},"minecraft:killed_by":{"minecraft:skeleton":1},"minecraft:killed":{"minecraft:pig":2,"minecraft:salmon":17,"minecraft:spider":1,"minecraft:bat":1,"minecraft:sheep":14,"minecraft:skeleton":5,"minecraft:goat":2,"minecraft:zombie":4,"minecraft:chicken":15,"minecraft:drowned":2,"minecraft:cow":7},"minecraft:mined":{"minecraft:tuff":6,"minecraft:deepslate_diamond_ore":9,"minecraft:torch":8,"minecraft:crafting_table":7,"minecraft:short_grass":17,"minecraft:grass_block":15,"minecraft:chest":1,"minecraft:cobblestone":3,"minecraft:tall_grass":7,"minecraft:deepslate_gold_ore":7,"minecraft:wall_torch":22,"minecraft:furnace":5,"minecraft:birch_log":5,"minecraft:iron_ore":10,"minecraft:cobbled_deepslate":2,"minecraft:andesite":11,"minecraft:birch_leaves":1,"minecraft:gold_block":1,"minecraft:pumpkin":1,"minecraft:deepslate_lapis_ore":1,"minecraft:coal_ore":29,"minecraft:oak_log":48,"minecraft:deepslate_iron_ore":69,"minecraft:gravel":2,"minecraft:dirt":5,"minecraft:stone":123,"minecraft:oak_leaves":10,"minecraft:deepslate":55}},"DataVersion":3953}