{"stats":{"minecraft:picked_up":{"minecraft:birch_log":5,"minecraft:crafting_table":3,"minecraft:stick":3,"minecraft:salmon":15,"minecraft:brown_wool":1,"minecraft:fire_charge":1,"minecraft:oak_log":30,"minecraft:raw_copper":1,"minecraft:dirt":4,"minecraft:oak_sapling":4,"minecraft:mutton":2,"minecraft:coal":7,"minecraft:cobblestone":36,"minecraft:furnace":1},"minecraft:crafted":{"minecraft:wooden_sword":2,"minecraft:oak_planks":120,"minecraft:crafting_table":1,"minecraft:stick":20,"minecraft:stone_pickaxe":1,"minecraft:wooden_pickaxe":2,"minecraft:wooden_axe":3,"minecraft:stone_sword":1,"minecraft:furnace":1,"minecraft:cooked_salmon":15,"minecraft:torch":4,"minecraft:birch_planks":20,"minecraft:air":0},"minecraft:dropped":{"minecraft:fire_charge":1},"minecraft:used":{"minecraft:wooden_axe":60,"minecraft:stone_sword":17,"minecraft:stone_pickaxe":41,"minecraft:wooden_pickaxe":5,"minecraft:cooked_salmon":8,"minecraft:fire_charge":1,"minecraft:wooden_sword":24,"minecraft:dirt":1,"minecraft:crafting_table":3,"minecraft:furnace":1,"minecraft:oak_sapling":3},"minecraft:broken":{"minecraft:wooden_axe":1},"minecraft:custom":{"minecraft:time_since_rest":21645,"minecraft:interact_with_furnace":22,"minecraft:sprint_one_cm":114596,"minecraft:damage_taken":795,"minecraft:walk_one_cm":77053,"minecraft:mob_kills":21,"minecraft:drop":1,"minecraft:damage_dealt":1613,"minecraft:swim_one_cm":44592,"minecraft:interact_with_crafting_table":13,"minecraft:fly_one_cm":56897,"minecraft:open_barrel":3,"minecraft:open_chest":16,"minecraft:crouch_one_cm":255,"minecraft:play_time":33614,"minecraft:deaths":1,"minecraft:sneak_time":152,"minecraft:walk_under_water_one_cm":21588,"minecraft:jump":649,"minecraft:walk_on_water_one_cm":27761,"minecraft:time_since_death":21603,"minecraft:total_world_time":33614,"minecraft:fall_one_cm":13046},"minecraft:killed_by":{"minecraft:skeleton":1},"minecraft:mined":{"minecraft:furnace":1,"minecraft:birch_log":5,"minecraft:crafting_table":3,"minecraft:short_grass":1,"minecraft:coal_ore":7,"minecraft:grass_block":4,"minecraft:oak_log":30,"minecraft:stone":35,"minecraft:oak_leaves":8},"minecraft:killed":{"minecraft:sheep":1,"minecraft:zombie":1,"minecraft:salmon":17,"minecraft:drowned":1}},"DataVersion":3953}