{"stats":{"minecraft:picked_up":{"minecraft:birch_log":5,"minecraft:crafting_table":4,"minecraft:feather":5,"minecraft:chicken":6,"minecraft:salmon":15,"minecraft:brown_wool":1,"minecraft:leather":5,"minecraft:oak_log":30,"minecraft:dirt":20,"minecraft:raw_copper":1,"minecraft:beef":7,"minecraft:chest":1,"minecraft:furnace":1,"minecraft:stick":3,"minecraft:fire_charge":1,"minecraft:porkchop":4,"minecraft:rotten_flesh":2,"minecraft:oak_sapling":4,"minecraft:mutton":11,"minecraft:coal":26,"minecraft:white_wool":6,"minecraft:cobblestone":51},"minecraft:crafted":{"minecraft:wooden_sword":2,"minecraft:oak_planks":120,"minecraft:crafting_table":1,"minecraft:wooden_pickaxe":2,"minecraft:cooked_chicken":6,"minecraft:furnace":2,"minecraft:cooked_salmon":15,"minecraft:birch_planks":20,"minecraft:cooked_mutton":9,"minecraft:air":0,"minecraft:stick":20,"minecraft:stone_pickaxe":1,"minecraft:wooden_axe":3,"minecraft:stone_sword":1,"minecraft:chest":2,"minecraft:white_bed":1,"minecraft:torch":4},"minecraft:dropped":{"minecraft:fire_charge":1},"minecraft:used":{"minecraft:cooked_mutton":1,"minecraft:stone_sword":76,"minecraft:stone_pickaxe":77,"minecraft:chest":3,"minecraft:wooden_pickaxe":5,"minecraft:cooked_salmon":13,"minecraft:dirt":17,"minecraft:crafting_table":5,"minecraft:white_bed":1,"minecraft:wooden_axe":62,"minecraft:wooden_sword":24,"minecraft:fire_charge":1,"minecraft:cobblestone":15,"minecraft:oak_sapling":3,"minecraft:furnace":3},"minecraft:broken":{"minecraft:wooden_axe":1},"minecraft:custom":{"minecraft:interact_with_furnace":30,"minecraft:mob_kills":43,"minecraft:interact_with_crafting_table":17,"minecraft:open_barrel":3,"minecraft:time_since_death":33603,"minecraft:time_since_rest":33645,"minecraft:sprint_one_cm":153615,"minecraft:damage_taken":1075,"minecraft:walk_one_cm":104921,"minecraft:drop":1,"minecraft:damage_dealt":3322,"minecraft:swim_one_cm":45148,"minecraft:fly_one_cm":102364,"minecraft:open_chest":20,"minecraft:crouch_one_cm":1292,"minecraft:play_time":45614,"minecraft:deaths":1,"minecraft:sneak_time":449,"minecraft:walk_under_water_one_cm":22973,"minecraft:jump":966,"minecraft:walk_on_water_one_cm":28455,"minecraft:total_world_time":45614,"minecraft:fall_one_cm":27353},"minecraft:killed_by":{"minecraft:skeleton":1},"minecraft:mined":{"minecraft:crafting_table":4,"minecraft:short_grass":6,"minecraft:grass_block":15,"minecraft:chest":1,"minecraft:tall_grass":4,"minecraft:furnace":1,"minecraft:birch_log":5,"minecraft:birch_leaves":1,"minecraft:oak_log":30,"minecraft:coal_ore":26,"minecraft:dirt":5,"minecraft:stone":51,"minecraft:oak_leaves":8},"minecraft:killed":{"minecraft:pig":2,"minecraft:salmon":17,"minecraft:sheep":7,"minecraft:skeleton":2,"minecraft:zombie":3,"minecraft:chicken":6,"minecraft:drowned":1,"minecraft:cow":4}},"DataVersion":3953}