{"stats":{"minecraft:picked_up":{"minecraft:birch_log":5,"minecraft:crafting_table":1,"minecraft:stick":3,"minecraft:salmon":3,"minecraft:brown_wool":1,"minecraft:oak_log":30,"minecraft:dirt":2,"minecraft:oak_sapling":4,"minecraft:mutton":2,"minecraft:cobblestone":4},"minecraft:crafted":{"minecraft:wooden_sword":1,"minecraft:oak_planks":120,"minecraft:crafting_table":1,"minecraft:stick":16,"minecraft:wooden_pickaxe":2,"minecraft:wooden_axe":2,"minecraft:torch":4,"minecraft:birch_planks":20},"minecraft:used":{"minecraft:wooden_axe":47,"minecraft:wooden_pickaxe":5,"minecraft:wooden_sword":18,"minecraft:dirt":1,"minecraft:crafting_table":1,"minecraft:oak_sapling":3},"minecraft:custom":{"minecraft:time_since_rest":9645,"minecraft:interact_with_furnace":14,"minecraft:sprint_one_cm":79986,"minecraft:damage_taken":435,"minecraft:walk_one_cm":62297,"minecraft:mob_kills":5,"minecraft:damage_dealt":566,"minecraft:swim_one_cm":5910,"minecraft:interact_with_crafting_table":7,"minecraft:fly_one_cm":42315,"minecraft:open_barrel":3,"minecraft:open_chest":14,"minecraft:crouch_one_cm":172,"minecraft:play_time":21614,"minecraft:deaths":1,"minecraft:sneak_time":121,"minecraft:walk_under_water_one_cm":9372,"minecraft:jump":417,"minecraft:walk_on_water_one_cm":15195,"minecraft:time_since_death":9603,"minecraft:total_world_time":21614,"minecraft:fall_one_cm":8610},"minecraft:killed_by":{"minecraft:skeleton":1},"minecraft:mined":{"minecraft:birch_log":5,"minecraft:crafting_table":1,"minecraft:short_grass":1,"minecraft:grass_block":2,"minecraft:oak_log":30,"minecraft:stone":4,"minecraft:oak_leaves":7},"minecraft:killed":{"minecraft:sheep":1,"minecraft:salmon":3,"minecraft:drowned":1}},"DataVersion":3953}