{"stats":{"minecraft:used":{"minecraft:stone_sword":35,"minecraft:stone_pickaxe":16,"minecraft:wooden_pickaxe":26,"minecraft:rotten_flesh":9,"minecraft:stone_axe":1,"minecraft:dirt":17,"minecraft:mutton":2,"minecraft:crafting_table":1},"minecraft:custom":{"minecraft:time_since_rest":17996,"minecraft:sprint_one_cm":39825,"minecraft:damage_taken":439,"minecraft:walk_one_cm":30157,"minecraft:mob_kills":14,"minecraft:damage_dealt":1279,"minecraft:swim_one_cm":9980,"minecraft:interact_with_crafting_table":2,"minecraft:fly_one_cm":41894,"minecraft:crouch_one_cm":86,"minecraft:play_time":48483,"minecraft:deaths":1,"minecraft:sneak_time":18,"minecraft:walk_under_water_one_cm":219,"minecraft:jump":230,"minecraft:leave_game":4,"minecraft:walk_on_water_one_cm":1695,"minecraft:time_since_death":0,"minecraft:total_world_time":48483,"minecraft:fall_one_cm":4097},"minecraft:picked_up":{"minecraft:birch_log":2,"minecraft:stick":2,"minecraft:crafting_table":1,"minecraft:feather":1,"minecraft:chicken":3,"minecraft:porkchop":10,"minecraft:oak_log":6,"minecraft:dirt":51,"minecraft:rotten_flesh":11,"minecraft:sugar_cane":22,"minecraft:mutton":7,"minecraft:coal":12,"minecraft:white_wool":4,"minecraft:cobblestone":29},"minecraft:killed_by":{"minecraft:skeleton":1},"minecraft:crafted":{"minecraft:oak_planks":24,"minecraft:crafting_table":1,"minecraft:stick":8,"minecraft:wooden_pickaxe":1,"minecraft:stone_pickaxe":1,"minecraft:wooden_axe":1,"minecraft:stone_sword":1,"minecraft:stone_axe":1},"minecraft:killed":{"minecraft:sheep":4,"minecraft:zombie":3,"minecraft:pig":4,"minecraft:chicken":3},"minecraft:mined":{"minecraft:crafting_table":1,"minecraft:short_grass":2,"minecraft:coal_ore":12,"minecraft:grass_block":8,"minecraft:oak_log":6,"minecraft:dirt":26,"minecraft:stone":29,"minecraft:sugar_cane":11,"minecraft:oak_leaves":7}},"DataVersion":3953}