{"stats":{"minecraft:used":{"minecraft:stone_sword":28,"minecraft:stone_pickaxe":1,"minecraft:wooden_pickaxe":26,"minecraft:rotten_flesh":9,"minecraft:stone_axe":1,"minecraft:dirt":17,"minecraft:mutton":2,"minecraft:crafting_table":1},"minecraft:custom":{"minecraft:time_since_rest":18483,"minecraft:sprint_one_cm":34625,"minecraft:damage_taken":212,"minecraft:walk_one_cm":25184,"minecraft:mob_kills":10,"minecraft:damage_dealt":999,"minecraft:swim_one_cm":9980,"minecraft:interact_with_crafting_table":2,"minecraft:fly_one_cm":34110,"minecraft:play_time":18483,"minecraft:walk_under_water_one_cm":219,"minecraft:jump":194,"minecraft:leave_game":4,"minecraft:walk_on_water_one_cm":1695,"minecraft:time_since_death":18483,"minecraft:total_world_time":18483,"minecraft:fall_one_cm":3261},"minecraft:picked_up":{"minecraft:birch_log":2,"minecraft:stick":2,"minecraft:crafting_table":1,"minecraft:feather":1,"minecraft:chicken":2,"minecraft:porkchop":10,"minecraft:oak_log":6,"minecraft:dirt":47,"minecraft:rotten_flesh":11,"minecraft:sugar_cane":22,"minecraft:mutton":2,"minecraft:white_wool":1,"minecraft:cobblestone":26},"minecraft:crafted":{"minecraft:oak_planks":24,"minecraft:crafting_table":1,"minecraft:stick":8,"minecraft:wooden_pickaxe":1,"minecraft:stone_pickaxe":1,"minecraft:wooden_axe":1,"minecraft:stone_sword":1,"minecraft:stone_axe":1},"minecraft:killed":{"minecraft:sheep":1,"minecraft:zombie":3,"minecraft:pig":4,"minecraft:chicken":2},"minecraft:mined":{"minecraft:crafting_table":1,"minecraft:short_grass":2,"minecraft:grass_block":8,"minecraft:oak_log":6,"minecraft:dirt":26,"minecraft:stone":26,"minecraft:sugar_cane":11,"minecraft:oak_leaves":7}},"DataVersion":3953}