{"stats":{"minecraft:used":{"minecraft:stone_sword":35,"minecraft:stone_pickaxe":16,"minecraft:wooden_pickaxe":26,"minecraft:rotten_flesh":10,"minecraft:stone_axe":1,"minecraft:dirt":18,"minecraft:mutton":2,"minecraft:crafting_table":1},"minecraft:custom":{"minecraft:time_since_rest":48846,"minecraft:sprint_one_cm":43063,"minecraft:damage_taken":489,"minecraft:walk_one_cm":33011,"minecraft:mob_kills":14,"minecraft:damage_dealt":1279,"minecraft:swim_one_cm":9980,"minecraft:interact_with_crafting_table":2,"minecraft:fly_one_cm":51114,"minecraft:crouch_one_cm":86,"minecraft:play_time":79333,"minecraft:deaths":1,"minecraft:sneak_time":18,"minecraft:walk_under_water_one_cm":219,"minecraft:jump":273,"minecraft:leave_game":6,"minecraft:walk_on_water_one_cm":1695,"minecraft:time_since_death":10554,"minecraft:total_world_time":79333,"minecraft:fall_one_cm":5887},"minecraft:picked_up":{"minecraft:birch_log":2,"minecraft:stick":2,"minecraft:crafting_table":1,"minecraft:feather":1,"minecraft:chicken":3,"minecraft:porkchop":10,"minecraft:oak_log":10,"minecraft:dirt":52,"minecraft:rotten_flesh":12,"minecraft:sugar_cane":22,"minecraft:mutton":7,"minecraft:coal":12,"minecraft:white_wool":4,"minecraft:cobblestone":29},"minecraft:killed_by":{"minecraft:skeleton":1},"minecraft:crafted":{"minecraft:oak_planks":40,"minecraft:crafting_table":2,"minecraft:stick":16,"minecraft:wooden_pickaxe":1,"minecraft:stone_pickaxe":1,"minecraft:wooden_axe":1,"minecraft:stone_sword":1,"minecraft:stone_axe":1},"minecraft:killed":{"minecraft:sheep":4,"minecraft:zombie":3,"minecraft:pig":4,"minecraft:chicken":3},"minecraft:mined":{"minecraft:crafting_table":1,"minecraft:short_grass":2,"minecraft:coal_ore":12,"minecraft:grass_block":8,"minecraft:oak_log":10,"minecraft:dirt":27,"minecraft:stone":29,"minecraft:sugar_cane":11,"minecraft:oak_leaves":9}},"DataVersion":3953}