{"stats":{"minecraft:used":{"minecraft:stone_sword":182,"minecraft:cobblestone_stairs":2,"minecraft:birch_planks":40,"minecraft:stone_pickaxe":147,"minecraft:oak_planks":12,"minecraft:chest":2,"minecraft:wooden_pickaxe":29,"minecraft:cooked_salmon":5,"minecraft:rotten_flesh":14,"minecraft:oak_door":6,"minecraft:salmon":4,"minecraft:torch":62,"minecraft:dirt":18,"minecraft:mutton":2,"minecraft:oak_slab":2,"minecraft:crafting_table":6,"minecraft:iron_pickaxe":171,"minecraft:barrel":2,"minecraft:stone_axe":29,"minecraft:cobblestone":20,"minecraft:oak_sapling":1,"minecraft:furnace":5,"minecraft:cooked_porkchop":5},"minecraft:dropped":{"minecraft:wooden_pickaxe":1},"minecraft:custom":{"minecraft:interact_with_furnace":26,"minecraft:mob_kills":72,"minecraft:interact_with_crafting_table":28,"minecraft:open_barrel":2,"minecraft:leave_game":9,"minecraft:time_since_death":535858,"minecraft:time_since_rest":535895,"minecraft:sprint_one_cm":176892,"minecraft:damage_taken":1567,"minecraft:walk_one_cm":172547,"minecraft:drop":1,"minecraft:damage_dealt":6872,"minecraft:talked_to_villager":1,"minecraft:swim_one_cm":112996,"minecraft:fly_one_cm":148207,"minecraft:open_chest":9,"minecraft:crouch_one_cm":632,"minecraft:play_time":623130,"minecraft:deaths":2,"minecraft:sneak_time":227,"minecraft:walk_under_water_one_cm":19082,"minecraft:jump":949,"minecraft:walk_on_water_one_cm":21281,"minecraft:total_world_time":623130,"minecraft:fall_one_cm":18542},"minecraft:picked_up":{"minecraft:birch_log":30,"minecraft:crafting_table":4,"minecraft:feather":1,"minecraft:chicken":3,"minecraft:andesite":1,"minecraft:salmon":31,"minecraft:leather":3,"minecraft:lead":2,"minecraft:oak_log":34,"minecraft:gunpowder":3,"minecraft:string":6,"minecraft:dirt":113,"minecraft:bone":5,"minecraft:wheat_seeds":1,"minecraft:stone_pickaxe":1,"minecraft:sugar_cane":29,"minecraft:birch_sapling":5,"minecraft:oak_planks":21,"minecraft:furnace":3,"minecraft:stick":7,"minecraft:raw_iron":5,"minecraft:oak_door":4,"minecraft:torch":13,"minecraft:sand":1,"minecraft:porkchop":20,"minecraft:diorite":2,"minecraft:spider_eye":3,"minecraft:stone_sword":1,"minecraft:arrow":7,"minecraft:rotten_flesh":16,"minecraft:bone_meal":7,"minecraft:oak_sapling":11,"minecraft:mutton":7,"minecraft:coal":103,"minecraft:white_wool":4,"minecraft:cobblestone":262},"minecraft:killed_by":{"minecraft:skeleton":1},"minecraft:killed":{"minecraft:pig":6,"minecraft:salmon":30,"minecraft:spider":3,"minecraft:bat":3,"minecraft:wandering_trader":1,"minecraft:creeper":2,"minecraft:skeleton":6,"minecraft:sheep":4,"minecraft:trader_llama":2,"minecraft:zombie":6,"minecraft:chicken":3,"minecraft:drowned":2},"minecraft:crafted":{"minecraft:oak_door":3,"minecraft:oak_slab":6,"minecraft:oak_planks":84,"minecraft:stone_shovel":1,"minecraft:barrel":2,"minecraft:cooked_porkchop":5,"minecraft:crafting_table":3,"minecraft:wooden_pickaxe":2,"minecraft:furnace":2,"minecraft:cooked_salmon":26,"minecraft:cobblestone_stairs":4,"minecraft:birch_planks":56,"minecraft:stone_axe":3,"minecraft:air":0,"minecraft:white_wool":1,"minecraft:stick":44,"minecraft:iron_ingot":3,"minecraft:iron_pickaxe":1,"minecraft:stone_pickaxe":2,"minecraft:wooden_axe":1,"minecraft:stone_sword":3,"minecraft:chest":2,"minecraft:torch":60},"minecraft:broken":{"minecraft:stone_pickaxe":1,"minecraft:stone_sword":1},"minecraft:mined":{"minecraft:oak_door":4,"minecraft:torch":1,"minecraft:crafting_table":5,"minecraft:short_grass":2,"minecraft:grass_block":11,"minecraft:cobblestone":8,"minecraft:oak_planks":2,"minecraft:sugar_cane":13,"minecraft:diorite":2,"minecraft:wall_torch":8,"minecraft:furnace":3,"minecraft:birch_log":14,"minecraft:iron_ore":5,"minecraft:andesite":1,"minecraft:oak_log":26,"minecraft:coal_ore":92,"minecraft:dirt":27,"minecraft:stone":235,"minecraft:oak_leaves":14}},"DataVersion":3953}