{"stats":{"minecraft:picked_up":{"minecraft:wooden_axe":1,"minecraft:charcoal":1,"minecraft:crafting_table":15,"minecraft:ominous_bottle":1,"minecraft:chicken":9,"minecraft:wooden_pickaxe":1,"minecraft:lead":4,"minecraft:string":58,"minecraft:iron_axe":1,"minecraft:iron_leggings":1,"minecraft:wooden_sword":1,"minecraft:flint_and_steel":1,"minecraft:cobbled_deepslate":84,"minecraft:light_weighted_pressure_plate":1,"minecraft:sugar_cane":34,"minecraft:chest":2,"minecraft:birch_sapling":12,"minecraft:iron_boots":1,"minecraft:furnace":11,"minecraft:stick":9,"minecraft:raw_iron":117,"minecraft:oak_door":5,"minecraft:torch":42,"minecraft:fire_charge":1,"minecraft:porkchop":20,"minecraft:golden_axe":1,"minecraft:diorite":7,"minecraft:redstone":62,"minecraft:stone_sword":1,"minecraft:arrow":25,"minecraft:rotten_flesh":47,"minecraft:obsidian":4,"minecraft:mutton":7,"minecraft:oxeye_daisy":1,"minecraft:white_wool":10,"minecraft:rail":103,"minecraft:cobblestone":467,"minecraft:enchanting_table":1,"minecraft:birch_log":36,"minecraft:feather":1,"minecraft:salmon":58,"minecraft:andesite":18,"minecraft:leather":6,"minecraft:flint":1,"minecraft:tuff":2,"minecraft:oak_log":55,"minecraft:gunpowder":6,"minecraft:cobblestone_stairs":2,"minecraft:dirt":181,"minecraft:lapis_lazuli":133,"minecraft:white_banner":1,"minecraft:cooked_mutton":1,"minecraft:bone":28,"minecraft:apple":2,"minecraft:bow":1,"minecraft:wheat_seeds":3,"minecraft:raw_gold":28,"minecraft:stone_pickaxe":1,"minecraft:iron_ingot":18,"minecraft:oak_planks":56,"minecraft:oak_slab":2,"minecraft:gravel":16,"minecraft:sand":4,"minecraft:white_bed":2,"minecraft:spider_eye":8,"minecraft:barrel":2,"minecraft:diamond":15,"minecraft:granite":10,"minecraft:bone_meal":11,"minecraft:oak_sapling":22,"minecraft:coal":206,"minecraft:ender_pearl":1},"minecraft:crafted":{"minecraft:oak_door":3,"minecraft:oak_planks":144,"minecraft:stone_shovel":1,"minecraft:barrel":2,"minecraft:furnace":9,"minecraft:cobblestone_stairs":4,"minecraft:bow":2,"minecraft:iron_boots":2,"minecraft:iron_axe":1,"minecraft:stone_pickaxe":5,"minecraft:chest":2,"minecraft:cooked_beef":5,"minecraft:oak_slab":6,"minecraft:cooked_porkchop":9,"minecraft:crafting_table":4,"minecraft:enchanting_table":1,"minecraft:wooden_pickaxe":4,"minecraft:iron_helmet":2,"minecraft:iron_sword":2,"minecraft:cooked_salmon":53,"minecraft:bucket":2,"minecraft:birch_planks":80,"minecraft:stone_axe":4,"minecraft:air":0,"minecraft:charcoal":5,"minecraft:white_wool":6,"minecraft:iron_chestplate":2,"minecraft:book":2,"minecraft:paper":6,"minecraft:diamond_pickaxe":2,"minecraft:shield":2,"minecraft:stick":140,"minecraft:iron_ingot":99,"minecraft:iron_pickaxe":4,"minecraft:wooden_axe":1,"minecraft:stone_sword":3,"minecraft:iron_leggings":2,"minecraft:gold_ingot":28,"minecraft:white_bed":1,"minecraft:torch":304},"minecraft:dropped":{"minecraft:wheat_seeds":1,"minecraft:granite":10,"minecraft:flint":1,"minecraft:cobblestone_stairs":4,"minecraft:oxeye_daisy":1,"minecraft:diorite":1,"minecraft:white_wool":2,"minecraft:bone":15,"minecraft:gravel":16,"minecraft:stone_axe":1,"minecraft:cobbled_deepslate":1,"minecraft:tuff":2,"minecraft:oak_planks":1,"minecraft:andesite":5,"minecraft:spider_eye":1,"minecraft:wooden_pickaxe":3,"minecraft:stone_pickaxe":1},"minecraft:used":{"minecraft:enchanting_table":1,"minecraft:stone_sword":289,"minecraft:stone_shovel":9,"minecraft:chest":4,"minecraft:shield":41,"minecraft:iron_sword":195,"minecraft:cooked_salmon":29,"minecraft:rotten_flesh":14,"minecraft:iron_chestplate":2,"minecraft:oak_door":6,"minecraft:torch":337,"minecraft:dirt":25,"minecraft:mutton":2,"minecraft:birch_sapling":3,"minecraft:iron_helmet":1,"minecraft:barrel":4,"minecraft:oak_sapling":3,"minecraft:furnace":18,"minecraft:cooked_beef":2,"minecraft:water_bucket":11,"minecraft:diorite":2,"minecraft:cobblestone_stairs":2,"minecraft:birch_planks":40,"minecraft:stone_pickaxe":264,"minecraft:oak_planks":13,"minecraft:wooden_pickaxe":45,"minecraft:sugar_cane":3,"minecraft:salmon":4,"minecraft:sand":2,"minecraft:oak_slab":4,"minecraft:crafting_table":17,"minecraft:white_bed":2,"minecraft:oak_log":1,"minecraft:diamond_pickaxe":32,"minecraft:bread":2,"minecraft:iron_pickaxe":549,"minecraft:stone_axe":97,"minecraft:cobblestone":171,"minecraft:white_banner":1,"minecraft:cooked_porkchop":6,"minecraft:bucket":13,"minecraft:bone_meal":7},"minecraft:broken":{"minecraft:stone_sword":2,"minecraft:stone_pickaxe":1,"minecraft:iron_pickaxe":1},"minecraft:custom":{"minecraft:mob_kills":159,"minecraft:interact_with_crafting_table":105,"minecraft:open_barrel":11,"minecraft:leave_game":11,"minecraft:time_since_death":3334,"minecraft:sprint_one_cm":494287,"minecraft:walk_one_cm":458749,"minecraft:damage_blocked_by_shield":1263,"minecraft:drop":22,"minecraft:talked_to_villager":1,"minecraft:play_time":744663,"minecraft:deaths":6,"minecraft:sneak_time":1345,"minecraft:walk_under_water_one_cm":46189,"minecraft:jump":2677,"minecraft:walk_on_water_one_cm":50716,"minecraft:enchant_item":7,"minecraft:total_world_time":744663,"minecraft:interact_with_furnace":192,"minecraft:sleep_in_bed":1,"minecraft:time_since_rest":3367,"minecraft:damage_taken":4185,"minecraft:damage_dealt":19027,"minecraft:fly_one_cm":408576,"minecraft:swim_one_cm":287153,"minecraft:open_chest":88,"minecraft:crouch_one_cm":3872,"minecraft:fall_one_cm":64988},"minecraft:killed_by":{"minecraft:pillager":1,"minecraft:skeleton":1},"minecraft:killed":{"minecraft:cave_spider":1,"minecraft:spider":11,"minecraft:skeleton":20,"minecraft:chicken":3,"minecraft:drowned":2,"minecraft:pig":6,"minecraft:zombie_villager":1,"minecraft:salmon":59,"minecraft:bat":3,"minecraft:wandering_trader":1,"minecraft:creeper":2,"minecraft:sheep":4,"minecraft:trader_llama":2,"minecraft:zombie":36,"minecraft:enderman":1},"minecraft:mined":{"minecraft:tuff":1,"minecraft:white_bed":2,"minecraft:oak_sapling":1,"minecraft:deepslate_diamond_ore":12,"minecraft:oak_door":4,"minecraft:sculk_vein":1,"minecraft:obsidian":4,"minecraft:granite":10,"minecraft:grass_block":17,"minecraft:furnace":11,"minecraft:iron_ore":35,"minecraft:barrel":2,"minecraft:andesite":5,"minecraft:deepslate_lapis_ore":20,"minecraft:enchanting_table":1,"minecraft:deepslate_iron_ore":36,"minecraft:rail":105,"minecraft:stone":359,"minecraft:deepslate_redstone_ore":13,"minecraft:oak_slab":2,"minecraft:crafting_table":15,"minecraft:torch":6,"minecraft:short_grass":3,"minecraft:chest":2,"minecraft:sculk_sensor":5,"minecraft:tall_grass":2,"minecraft:cobblestone":25,"minecraft:deepslate_gold_ore":28,"minecraft:oak_planks":3,"minecraft:sugar_cane":17,"minecraft:sculk":13,"minecraft:diorite":5,"minecraft:wall_torch":20,"minecraft:birch_log":20,"minecraft:birch_leaves":1,"minecraft:oak_log":47,"minecraft:coal_ore":127,"minecraft:sand":2,"minecraft:gravel":10,"minecraft:dirt":28,"minecraft:cobweb":41,"minecraft:oak_leaves":19,"minecraft:deepslate":78}},"DataVersion":3953}