{"stats":{"minecraft:used":{"minecraft:stone_sword":27,"minecraft:stone_pickaxe":1,"minecraft:wooden_pickaxe":26,"minecraft:rotten_flesh":1,"minecraft:stone_axe":1,"minecraft:dirt":17,"minecraft:mutton":2,"minecraft:crafting_table":1},"minecraft:custom":{"minecraft:time_since_rest":16026,"minecraft:sprint_one_cm":21680,"minecraft:damage_taken":212,"minecraft:walk_one_cm":20532,"minecraft:mob_kills":9,"minecraft:damage_dealt":959,"minecraft:interact_with_crafting_table":2,"minecraft:fly_one_cm":23374,"minecraft:play_time":16026,"minecraft:jump":136,"minecraft:leave_game":4,"minecraft:time_since_death":16026,"minecraft:total_world_time":16026,"minecraft:fall_one_cm":2156},"minecraft:crafted":{"minecraft:oak_planks":24,"minecraft:crafting_table":1,"minecraft:stick":8,"minecraft:wooden_pickaxe":1,"minecraft:stone_pickaxe":1,"minecraft:wooden_axe":1,"minecraft:stone_sword":1,"minecraft:stone_axe":1},"minecraft:picked_up":{"minecraft:birch_log":2,"minecraft:stick":2,"minecraft:crafting_table":1,"minecraft:feather":1,"minecraft:chicken":1,"minecraft:porkchop":10,"minecraft:oak_log":6,"minecraft:dirt":47,"minecraft:rotten_flesh":8,"minecraft:mutton":2,"minecraft:white_wool":1,"minecraft:cobblestone":26},"minecraft:mined":{"minecraft:crafting_table":1,"minecraft:short_grass":2,"minecraft:grass_block":8,"minecraft:oak_log":6,"minecraft:dirt":26,"minecraft:stone":26,"minecraft:oak_leaves":7},"minecraft:killed":{"minecraft:sheep":1,"minecraft:zombie":3,"minecraft:pig":4,"minecraft:chicken":1}},"DataVersion":3953}