{"stats":{"minecraft:picked_up":{"minecraft:crafting_table":13,"minecraft:chicken":3,"minecraft:lead":4,"minecraft:string":55,"minecraft:flint_and_steel":1,"minecraft:cobbled_deepslate":83,"minecraft:light_weighted_pressure_plate":1,"minecraft:sugar_cane":29,"minecraft:chest":2,"minecraft:birch_sapling":8,"minecraft:furnace":11,"minecraft:stick":7,"minecraft:raw_iron":69,"minecraft:oak_door":5,"minecraft:torch":41,"minecraft:fire_charge":1,"minecraft:porkchop":20,"minecraft:golden_axe":1,"minecraft:diorite":7,"minecraft:redstone":62,"minecraft:stone_sword":1,"minecraft:arrow":20,"minecraft:rotten_flesh":44,"minecraft:obsidian":4,"minecraft:mutton":7,"minecraft:white_wool":5,"minecraft:rail":103,"minecraft:cobblestone":444,"minecraft:enchanting_table":1,"minecraft:birch_log":35,"minecraft:feather":1,"minecraft:salmon":31,"minecraft:andesite":7,"minecraft:leather":6,"minecraft:flint":1,"minecraft:tuff":2,"minecraft:oak_log":34,"minecraft:gunpowder":6,"minecraft:cobblestone_stairs":2,"minecraft:dirt":174,"minecraft:lapis_lazuli":111,"minecraft:bone":21,"minecraft:bow":1,"minecraft:wheat_seeds":2,"minecraft:raw_gold":28,"minecraft:stone_pickaxe":1,"minecraft:iron_ingot":1,"minecraft:oak_planks":24,"minecraft:oak_slab":2,"minecraft:gravel":16,"minecraft:sand":2,"minecraft:spider_eye":8,"minecraft:barrel":2,"minecraft:diamond":9,"minecraft:granite":10,"minecraft:bone_meal":10,"minecraft:oak_sapling":16,"minecraft:coal":194,"minecraft:ender_pearl":1},"minecraft:crafted":{"minecraft:oak_door":3,"minecraft:oak_planks":112,"minecraft:stone_shovel":1,"minecraft:barrel":2,"minecraft:furnace":9,"minecraft:cobblestone_stairs":4,"minecraft:bow":2,"minecraft:iron_boots":1,"minecraft:stone_pickaxe":3,"minecraft:chest":2,"minecraft:oak_slab":6,"minecraft:cooked_porkchop":5,"minecraft:crafting_table":4,"minecraft:enchanting_table":1,"minecraft:wooden_pickaxe":2,"minecraft:iron_helmet":1,"minecraft:iron_sword":1,"minecraft:cooked_salmon":26,"minecraft:bucket":2,"minecraft:birch_planks":76,"minecraft:stone_axe":3,"minecraft:air":0,"minecraft:white_wool":6,"minecraft:iron_chestplate":1,"minecraft:book":2,"minecraft:paper":6,"minecraft:diamond_pickaxe":1,"minecraft:shield":1,"minecraft:stick":116,"minecraft:iron_ingot":68,"minecraft:iron_pickaxe":4,"minecraft:wooden_axe":1,"minecraft:stone_sword":3,"minecraft:iron_leggings":1,"minecraft:gold_ingot":28,"minecraft:white_bed":1,"minecraft:torch":292},"minecraft:dropped":{"minecraft:granite":10,"minecraft:flint":1,"minecraft:cobblestone_stairs":4,"minecraft:diorite":1,"minecraft:white_wool":2,"minecraft:bone":15,"minecraft:gravel":16,"minecraft:cobbled_deepslate":1,"minecraft:tuff":2,"minecraft:andesite":5,"minecraft:spider_eye":1,"minecraft:wooden_pickaxe":1,"minecraft:stone_pickaxe":1},"minecraft:used":{"minecraft:enchanting_table":1,"minecraft:stone_sword":289,"minecraft:stone_shovel":9,"minecraft:chest":4,"minecraft:shield":41,"minecraft:iron_sword":153,"minecraft:cooked_salmon":24,"minecraft:rotten_flesh":14,"minecraft:iron_chestplate":1,"minecraft:oak_door":6,"minecraft:torch":319,"minecraft:dirt":18,"minecraft:mutton":2,"minecraft:barrel":4,"minecraft:oak_sapling":1,"minecraft:furnace":18,"minecraft:water_bucket":9,"minecraft:diorite":2,"minecraft:cobblestone_stairs":2,"minecraft:birch_planks":40,"minecraft:stone_pickaxe":248,"minecraft:oak_planks":12,"minecraft:wooden_pickaxe":29,"minecraft:sugar_cane":1,"minecraft:salmon":4,"minecraft:oak_slab":4,"minecraft:crafting_table":16,"minecraft:white_bed":1,"minecraft:diamond_pickaxe":19,"minecraft:bread":2,"minecraft:iron_pickaxe":549,"minecraft:stone_axe":49,"minecraft:cobblestone":159,"minecraft:cooked_porkchop":5,"minecraft:bucket":11},"minecraft:broken":{"minecraft:stone_sword":2,"minecraft:stone_pickaxe":1,"minecraft:iron_pickaxe":1},"minecraft:custom":{"minecraft:mob_kills":121,"minecraft:interact_with_crafting_table":73,"minecraft:open_barrel":5,"minecraft:leave_game":10,"minecraft:time_since_death":607418,"minecraft:sprint_one_cm":354582,"minecraft:walk_one_cm":366019,"minecraft:damage_blocked_by_shield":1263,"minecraft:drop":16,"minecraft:talked_to_villager":1,"minecraft:play_time":694690,"minecraft:deaths":2,"minecraft:sneak_time":1288,"minecraft:walk_under_water_one_cm":26379,"minecraft:jump":1912,"minecraft:walk_on_water_one_cm":27156,"minecraft:enchant_item":7,"minecraft:total_world_time":694690,"minecraft:interact_with_furnace":97,"minecraft:time_since_rest":607455,"minecraft:damage_taken":2784,"minecraft:damage_dealt":16055,"minecraft:fly_one_cm":269283,"minecraft:swim_one_cm":117758,"minecraft:open_chest":53,"minecraft:crouch_one_cm":3872,"minecraft:fall_one_cm":41079},"minecraft:killed_by":{"minecraft:skeleton":1},"minecraft:killed":{"minecraft:cave_spider":1,"minecraft:spider":9,"minecraft:skeleton":18,"minecraft:chicken":3,"minecraft:drowned":2,"minecraft:pig":6,"minecraft:zombie_villager":1,"minecraft:salmon":30,"minecraft:bat":3,"minecraft:wandering_trader":1,"minecraft:creeper":2,"minecraft:sheep":4,"minecraft:trader_llama":2,"minecraft:zombie":32,"minecraft:enderman":1},"minecraft:mined":{"minecraft:tuff":1,"minecraft:deepslate_diamond_ore":9,"minecraft:oak_door":4,"minecraft:sculk_vein":1,"minecraft:obsidian":4,"minecraft:granite":10,"minecraft:grass_block":11,"minecraft:furnace":11,"minecraft:iron_ore":35,"minecraft:barrel":2,"minecraft:andesite":5,"minecraft:deepslate_lapis_ore":18,"minecraft:enchanting_table":1,"minecraft:deepslate_iron_ore":34,"minecraft:rail":105,"minecraft:stone":339,"minecraft:deepslate_redstone_ore":13,"minecraft:oak_slab":2,"minecraft:crafting_table":14,"minecraft:torch":6,"minecraft:short_grass":2,"minecraft:chest":2,"minecraft:sculk_sensor":1,"minecraft:cobblestone":25,"minecraft:deepslate_gold_ore":28,"minecraft:oak_planks":2,"minecraft:sugar_cane":13,"minecraft:sculk":9,"minecraft:diorite":5,"minecraft:wall_torch":20,"minecraft:birch_log":19,"minecraft:oak_log":26,"minecraft:coal_ore":115,"minecraft:gravel":10,"minecraft:dirt":27,"minecraft:cobweb":41,"minecraft:oak_leaves":14,"minecraft:deepslate":73}},"DataVersion":3953}