{"stats":{"minecraft:picked_up":{"minecraft:crafting_table":12,"minecraft:chicken":3,"minecraft:lead":4,"minecraft:string":55,"minecraft:flint_and_steel":1,"minecraft:cobbled_deepslate":37,"minecraft:light_weighted_pressure_plate":1,"minecraft:sugar_cane":29,"minecraft:chest":2,"minecraft:birch_sapling":8,"minecraft:furnace":8,"minecraft:raw_iron":60,"minecraft:stick":7,"minecraft:oak_door":5,"minecraft:torch":33,"minecraft:fire_charge":1,"minecraft:porkchop":20,"minecraft:golden_axe":1,"minecraft:diorite":7,"minecraft:redstone":19,"minecraft:stone_sword":1,"minecraft:arrow":17,"minecraft:rotten_flesh":34,"minecraft:mutton":7,"minecraft:white_wool":5,"minecraft:rail":86,"minecraft:cobblestone":433,"minecraft:birch_log":35,"minecraft:feather":1,"minecraft:salmon":31,"minecraft:andesite":7,"minecraft:leather":6,"minecraft:flint":1,"minecraft:tuff":1,"minecraft:oak_log":34,"minecraft:gunpowder":6,"minecraft:dirt":174,"minecraft:lapis_lazuli":32,"minecraft:bone":21,"minecraft:wheat_seeds":2,"minecraft:raw_gold":25,"minecraft:stone_pickaxe":1,"minecraft:oak_planks":24,"minecraft:oak_slab":2,"minecraft:gravel":16,"minecraft:sand":2,"minecraft:spider_eye":8,"minecraft:barrel":2,"minecraft:diamond":5,"minecraft:granite":10,"minecraft:bone_meal":10,"minecraft:oak_sapling":16,"minecraft:coal":192,"minecraft:ender_pearl":1},"minecraft:crafted":{"minecraft:oak_door":3,"minecraft:oak_planks":96,"minecraft:stone_shovel":1,"minecraft:barrel":2,"minecraft:furnace":8,"minecraft:cobblestone_stairs":4,"minecraft:iron_boots":1,"minecraft:stone_pickaxe":3,"minecraft:chest":2,"minecraft:oak_slab":6,"minecraft:cooked_porkchop":5,"minecraft:crafting_table":4,"minecraft:wooden_pickaxe":2,"minecraft:iron_helmet":1,"minecraft:iron_sword":1,"minecraft:cooked_salmon":26,"minecraft:bucket":2,"minecraft:birch_planks":76,"minecraft:stone_axe":3,"minecraft:air":0,"minecraft:white_wool":3,"minecraft:book":2,"minecraft:iron_chestplate":1,"minecraft:paper":6,"minecraft:shield":1,"minecraft:stick":84,"minecraft:iron_ingot":51,"minecraft:iron_pickaxe":2,"minecraft:wooden_axe":1,"minecraft:stone_sword":3,"minecraft:iron_leggings":1,"minecraft:torch":228},"minecraft:dropped":{"minecraft:granite":10,"minecraft:cobblestone_stairs":2,"minecraft:diorite":1,"minecraft:gravel":16,"minecraft:tuff":1,"minecraft:andesite":5,"minecraft:spider_eye":1,"minecraft:stone_pickaxe":1,"minecraft:wooden_pickaxe":1},"minecraft:used":{"minecraft:stone_sword":289,"minecraft:stone_shovel":9,"minecraft:chest":4,"minecraft:shield":35,"minecraft:iron_sword":109,"minecraft:cooked_salmon":19,"minecraft:rotten_flesh":14,"minecraft:iron_chestplate":1,"minecraft:oak_door":6,"minecraft:torch":247,"minecraft:dirt":18,"minecraft:mutton":2,"minecraft:barrel":4,"minecraft:oak_sapling":1,"minecraft:furnace":16,"minecraft:water_bucket":4,"minecraft:diorite":2,"minecraft:cobblestone_stairs":2,"minecraft:birch_planks":40,"minecraft:stone_pickaxe":248,"minecraft:oak_planks":12,"minecraft:wooden_pickaxe":29,"minecraft:sugar_cane":1,"minecraft:salmon":4,"minecraft:oak_slab":4,"minecraft:crafting_table":15,"minecraft:iron_pickaxe":442,"minecraft:stone_axe":48,"minecraft:cobblestone":130,"minecraft:cooked_porkchop":5,"minecraft:bucket":6},"minecraft:broken":{"minecraft:stone_sword":2,"minecraft:stone_pickaxe":1,"minecraft:iron_pickaxe":1},"minecraft:custom":{"minecraft:mob_kills":112,"minecraft:interact_with_crafting_table":63,"minecraft:open_barrel":5,"minecraft:leave_game":10,"minecraft:time_since_death":583535,"minecraft:sprint_one_cm":303981,"minecraft:walk_one_cm":324147,"minecraft:damage_blocked_by_shield":1031,"minecraft:drop":10,"minecraft:talked_to_villager":1,"minecraft:play_time":670807,"minecraft:sneak_time":1059,"minecraft:deaths":2,"minecraft:walk_under_water_one_cm":26379,"minecraft:jump":1642,"minecraft:walk_on_water_one_cm":27156,"minecraft:total_world_time":670807,"minecraft:interact_with_furnace":62,"minecraft:time_since_rest":583572,"minecraft:damage_taken":2514,"minecraft:damage_dealt":14254,"minecraft:fly_one_cm":231455,"minecraft:swim_one_cm":117758,"minecraft:open_chest":20,"minecraft:crouch_one_cm":3006,"minecraft:fall_one_cm":33634},"minecraft:killed_by":{"minecraft:skeleton":1},"minecraft:killed":{"minecraft:cave_spider":1,"minecraft:spider":9,"minecraft:skeleton":16,"minecraft:chicken":3,"minecraft:drowned":2,"minecraft:pig":6,"minecraft:zombie_villager":1,"minecraft:salmon":30,"minecraft:bat":3,"minecraft:wandering_trader":1,"minecraft:creeper":2,"minecraft:sheep":4,"minecraft:trader_llama":2,"minecraft:zombie":25,"minecraft:enderman":1},"minecraft:mined":{"minecraft:tuff":1,"minecraft:deepslate_diamond_ore":5,"minecraft:oak_door":4,"minecraft:granite":10,"minecraft:grass_block":11,"minecraft:furnace":8,"minecraft:iron_ore":35,"minecraft:barrel":2,"minecraft:andesite":5,"minecraft:deepslate_lapis_ore":6,"minecraft:deepslate_iron_ore":25,"minecraft:rail":88,"minecraft:stone":339,"minecraft:deepslate_redstone_ore":4,"minecraft:oak_slab":2,"minecraft:crafting_table":13,"minecraft:torch":4,"minecraft:short_grass":2,"minecraft:chest":2,"minecraft:cobblestone":14,"minecraft:deepslate_gold_ore":25,"minecraft:sugar_cane":13,"minecraft:oak_planks":2,"minecraft:diorite":5,"minecraft:wall_torch":18,"minecraft:birch_log":19,"minecraft:coal_ore":115,"minecraft:oak_log":26,"minecraft:dirt":27,"minecraft:gravel":10,"minecraft:cobweb":41,"minecraft:oak_leaves":14,"minecraft:deepslate":27}},"DataVersion":3953}