{"stats":{"minecraft:used":{"minecraft:stone_sword":41,"minecraft:iron_pickaxe":1,"minecraft:stone_pickaxe":147,"minecraft:oak_planks":12,"minecraft:wooden_pickaxe":29,"minecraft:rotten_flesh":10,"minecraft:torch":5,"minecraft:stone_axe":9,"minecraft:dirt":18,"minecraft:mutton":2,"minecraft:crafting_table":4,"minecraft:furnace":3,"minecraft:oak_sapling":1,"minecraft:cooked_porkchop":1},"minecraft:dropped":{"minecraft:wooden_pickaxe":1},"minecraft:custom":{"minecraft:time_since_rest":8677,"minecraft:interact_with_furnace":9,"minecraft:sprint_one_cm":71276,"minecraft:damage_taken":729,"minecraft:walk_one_cm":73199,"minecraft:mob_kills":18,"minecraft:drop":1,"minecraft:damage_dealt":1565,"minecraft:swim_one_cm":36571,"minecraft:interact_with_crafting_table":12,"minecraft:fly_one_cm":82379,"minecraft:crouch_one_cm":86,"minecraft:play_time":95912,"minecraft:deaths":2,"minecraft:sneak_time":57,"minecraft:walk_under_water_one_cm":3342,"minecraft:jump":451,"minecraft:leave_game":7,"minecraft:walk_on_water_one_cm":5629,"minecraft:time_since_death":8640,"minecraft:total_world_time":95912,"minecraft:fall_one_cm":8894},"minecraft:picked_up":{"minecraft:birch_log":30,"minecraft:raw_iron":3,"minecraft:stick":7,"minecraft:crafting_table":2,"minecraft:feather":1,"minecraft:chicken":3,"minecraft:salmon":2,"minecraft:porkchop":20,"minecraft:oak_log":26,"minecraft:dirt":54,"minecraft:stone_sword":1,"minecraft:rotten_flesh":12,"minecraft:stone_pickaxe":1,"minecraft:bone_meal":2,"minecraft:oak_sapling":11,"minecraft:birch_sapling":4,"minecraft:sugar_cane":22,"minecraft:mutton":7,"minecraft:oak_planks":19,"minecraft:coal":41,"minecraft:white_wool":4,"minecraft:cobblestone":163,"minecraft:furnace":2},"minecraft:killed_by":{"minecraft:skeleton":1},"minecraft:crafted":{"minecraft:oak_planks":60,"minecraft:stone_shovel":1,"minecraft:cooked_porkchop":5,"minecraft:crafting_table":3,"minecraft:stick":28,"minecraft:iron_pickaxe":1,"minecraft:iron_ingot":3,"minecraft:wooden_pickaxe":2,"minecraft:stone_pickaxe":2,"minecraft:wooden_axe":1,"minecraft:stone_sword":2,"minecraft:furnace":1,"minecraft:cooked_salmon":1,"minecraft:torch":12,"minecraft:stone_axe":3,"minecraft:air":0},"minecraft:killed":{"minecraft:sheep":4,"minecraft:zombie":3,"minecraft:pig":6,"minecraft:chicken":3,"minecraft:salmon":1},"minecraft:broken":{"minecraft:stone_pickaxe":1},"minecraft:mined":{"minecraft:furnace":2,"minecraft:iron_ore":3,"minecraft:birch_log":14,"minecraft:crafting_table":3,"minecraft:short_grass":2,"minecraft:coal_ore":31,"minecraft:grass_block":10,"minecraft:oak_log":20,"minecraft:dirt":27,"minecraft:stone":140,"minecraft:sugar_cane":11,"minecraft:oak_leaves":13}},"DataVersion":3953}