{"stats":{"minecraft:used":{"minecraft:stone_sword":137,"minecraft:cobblestone_stairs":2,"minecraft:birch_planks":40,"minecraft:stone_pickaxe":147,"minecraft:oak_planks":12,"minecraft:chest":2,"minecraft:wooden_pickaxe":29,"minecraft:cooked_salmon":1,"minecraft:rotten_flesh":13,"minecraft:oak_door":6,"minecraft:torch":39,"minecraft:dirt":18,"minecraft:mutton":2,"minecraft:oak_slab":2,"minecraft:crafting_table":6,"minecraft:iron_pickaxe":120,"minecraft:barrel":2,"minecraft:stone_axe":23,"minecraft:cobblestone":20,"minecraft:oak_sapling":1,"minecraft:furnace":5,"minecraft:cooked_porkchop":5},"minecraft:dropped":{"minecraft:wooden_pickaxe":1},"minecraft:custom":{"minecraft:interact_with_furnace":11,"minecraft:mob_kills":50,"minecraft:interact_with_crafting_table":22,"minecraft:open_barrel":1,"minecraft:leave_game":8,"minecraft:time_since_death":518542,"minecraft:time_since_rest":518579,"minecraft:sprint_one_cm":127236,"minecraft:damage_taken":1407,"minecraft:walk_one_cm":146490,"minecraft:drop":1,"minecraft:damage_dealt":5084,"minecraft:swim_one_cm":71171,"minecraft:fly_one_cm":114840,"minecraft:open_chest":3,"minecraft:crouch_one_cm":86,"minecraft:play_time":605814,"minecraft:deaths":2,"minecraft:sneak_time":76,"minecraft:walk_under_water_one_cm":11640,"minecraft:jump":718,"minecraft:walk_on_water_one_cm":15068,"minecraft:total_world_time":605814,"minecraft:fall_one_cm":13014},"minecraft:picked_up":{"minecraft:birch_log":30,"minecraft:crafting_table":4,"minecraft:feather":1,"minecraft:chicken":3,"minecraft:andesite":1,"minecraft:salmon":15,"minecraft:oak_log":34,"minecraft:string":6,"minecraft:dirt":112,"minecraft:bone":3,"minecraft:wheat_seeds":1,"minecraft:stone_pickaxe":1,"minecraft:sugar_cane":22,"minecraft:birch_sapling":5,"minecraft:oak_planks":21,"minecraft:furnace":3,"minecraft:stick":7,"minecraft:raw_iron":3,"minecraft:oak_door":4,"minecraft:torch":6,"minecraft:sand":1,"minecraft:porkchop":20,"minecraft:diorite":2,"minecraft:spider_eye":3,"minecraft:stone_sword":1,"minecraft:arrow":6,"minecraft:rotten_flesh":16,"minecraft:bone_meal":4,"minecraft:oak_sapling":11,"minecraft:mutton":7,"minecraft:coal":78,"minecraft:white_wool":4,"minecraft:cobblestone":242},"minecraft:killed_by":{"minecraft:skeleton":1},"minecraft:killed":{"minecraft:pig":6,"minecraft:salmon":14,"minecraft:spider":3,"minecraft:bat":3,"minecraft:skeleton":5,"minecraft:sheep":4,"minecraft:zombie":6,"minecraft:chicken":3,"minecraft:drowned":2},"minecraft:crafted":{"minecraft:oak_door":3,"minecraft:oak_slab":6,"minecraft:oak_planks":80,"minecraft:stone_shovel":1,"minecraft:barrel":2,"minecraft:cooked_porkchop":5,"minecraft:crafting_table":3,"minecraft:wooden_pickaxe":2,"minecraft:furnace":2,"minecraft:cooked_salmon":1,"minecraft:cobblestone_stairs":4,"minecraft:birch_planks":56,"minecraft:stone_axe":3,"minecraft:air":0,"minecraft:stick":36,"minecraft:iron_ingot":3,"minecraft:iron_pickaxe":1,"minecraft:stone_pickaxe":2,"minecraft:wooden_axe":1,"minecraft:stone_sword":2,"minecraft:chest":2,"minecraft:torch":60},"minecraft:broken":{"minecraft:stone_pickaxe":1},"minecraft:mined":{"minecraft:oak_door":4,"minecraft:crafting_table":5,"minecraft:short_grass":2,"minecraft:grass_block":10,"minecraft:oak_planks":2,"minecraft:sugar_cane":11,"minecraft:diorite":2,"minecraft:wall_torch":2,"minecraft:furnace":3,"minecraft:birch_log":14,"minecraft:iron_ore":3,"minecraft:andesite":1,"minecraft:oak_log":26,"minecraft:coal_ore":67,"minecraft:dirt":27,"minecraft:stone":219,"minecraft:oak_leaves":13}},"DataVersion":3953}