{"stats":{"minecraft:picked_up":{"minecraft:birch_log":35,"minecraft:crafting_table":5,"minecraft:feather":1,"minecraft:chicken":3,"minecraft:andesite":3,"minecraft:salmon":31,"minecraft:leather":6,"minecraft:lead":4,"minecraft:oak_log":34,"minecraft:gunpowder":6,"minecraft:string":8,"minecraft:dirt":174,"minecraft:flint_and_steel":1,"minecraft:bone":8,"minecraft:wheat_seeds":2,"minecraft:light_weighted_pressure_plate":1,"minecraft:stone_pickaxe":1,"minecraft:sugar_cane":29,"minecraft:chest":2,"minecraft:birch_sapling":8,"minecraft:oak_planks":21,"minecraft:furnace":5,"minecraft:oak_slab":2,"minecraft:stick":7,"minecraft:raw_iron":5,"minecraft:oak_door":5,"minecraft:torch":19,"minecraft:fire_charge":1,"minecraft:porkchop":20,"minecraft:sand":2,"minecraft:golden_axe":1,"minecraft:diorite":4,"minecraft:barrel":2,"minecraft:spider_eye":6,"minecraft:stone_sword":1,"minecraft:arrow":7,"minecraft:rotten_flesh":16,"minecraft:bone_meal":10,"minecraft:oak_sapling":16,"minecraft:mutton":7,"minecraft:coal":110,"minecraft:white_wool":5,"minecraft:cobblestone":345},"minecraft:crafted":{"minecraft:oak_door":3,"minecraft:oak_slab":6,"minecraft:oak_planks":84,"minecraft:stone_shovel":1,"minecraft:barrel":2,"minecraft:cooked_porkchop":5,"minecraft:crafting_table":3,"minecraft:wooden_pickaxe":2,"minecraft:furnace":6,"minecraft:cooked_salmon":26,"minecraft:cobblestone_stairs":4,"minecraft:birch_planks":56,"minecraft:stone_axe":3,"minecraft:air":0,"minecraft:white_wool":1,"minecraft:stick":44,"minecraft:iron_ingot":3,"minecraft:iron_pickaxe":1,"minecraft:stone_pickaxe":2,"minecraft:wooden_axe":1,"minecraft:stone_sword":3,"minecraft:chest":2,"minecraft:torch":60},"minecraft:dropped":{"minecraft:andesite":1,"minecraft:wooden_pickaxe":1},"minecraft:used":{"minecraft:stone_sword":182,"minecraft:cobblestone_stairs":2,"minecraft:birch_planks":40,"minecraft:stone_pickaxe":147,"minecraft:oak_planks":12,"minecraft:chest":4,"minecraft:wooden_pickaxe":29,"minecraft:cooked_salmon":5,"minecraft:rotten_flesh":14,"minecraft:oak_door":6,"minecraft:salmon":4,"minecraft:torch":65,"minecraft:dirt":18,"minecraft:mutton":2,"minecraft:oak_slab":2,"minecraft:crafting_table":7,"minecraft:iron_pickaxe":200,"minecraft:barrel":4,"minecraft:stone_axe":41,"minecraft:cobblestone":20,"minecraft:furnace":11,"minecraft:oak_sapling":1,"minecraft:cooked_porkchop":5},"minecraft:broken":{"minecraft:stone_pickaxe":1,"minecraft:stone_sword":1},"minecraft:custom":{"minecraft:interact_with_furnace":27,"minecraft:mob_kills":72,"minecraft:interact_with_crafting_table":34,"minecraft:open_barrel":5,"minecraft:leave_game":10,"minecraft:time_since_death":541535,"minecraft:time_since_rest":541572,"minecraft:sprint_one_cm":184351,"minecraft:damage_taken":1567,"minecraft:walk_one_cm":195269,"minecraft:drop":2,"minecraft:damage_dealt":6872,"minecraft:talked_to_villager":1,"minecraft:swim_one_cm":112996,"minecraft:fly_one_cm":151228,"minecraft:open_chest":15,"minecraft:crouch_one_cm":632,"minecraft:play_time":628807,"minecraft:deaths":2,"minecraft:sneak_time":228,"minecraft:walk_under_water_one_cm":19082,"minecraft:jump":979,"minecraft:walk_on_water_one_cm":21281,"minecraft:total_world_time":628807,"minecraft:fall_one_cm":18542},"minecraft:killed_by":{"minecraft:skeleton":1},"minecraft:killed":{"minecraft:pig":6,"minecraft:salmon":30,"minecraft:spider":3,"minecraft:bat":3,"minecraft:wandering_trader":1,"minecraft:creeper":2,"minecraft:sheep":4,"minecraft:skeleton":6,"minecraft:trader_llama":2,"minecraft:zombie":6,"minecraft:chicken":3,"minecraft:drowned":2},"minecraft:mined":{"minecraft:oak_slab":2,"minecraft:oak_door":4,"minecraft:crafting_table":6,"minecraft:torch":1,"minecraft:short_grass":2,"minecraft:grass_block":11,"minecraft:chest":2,"minecraft:cobblestone":8,"minecraft:oak_planks":2,"minecraft:sugar_cane":13,"minecraft:diorite":2,"minecraft:wall_torch":13,"minecraft:furnace":5,"minecraft:barrel":2,"minecraft:birch_log":19,"minecraft:iron_ore":5,"minecraft:andesite":1,"minecraft:oak_log":26,"minecraft:coal_ore":92,"minecraft:dirt":27,"minecraft:stone":259,"minecraft:oak_leaves":14}},"DataVersion":3953}