{"stats":{"minecraft:used":{"minecraft:stone_sword":56,"minecraft:birch_planks":40,"minecraft:stone_pickaxe":147,"minecraft:oak_planks":12,"minecraft:chest":2,"minecraft:wooden_pickaxe":29,"minecraft:rotten_flesh":10,"minecraft:oak_door":5,"minecraft:torch":13,"minecraft:dirt":18,"minecraft:mutton":2,"minecraft:oak_slab":2,"minecraft:crafting_table":6,"minecraft:iron_pickaxe":88,"minecraft:barrel":2,"minecraft:stone_axe":16,"minecraft:oak_sapling":1,"minecraft:furnace":5,"minecraft:cooked_porkchop":1},"minecraft:dropped":{"minecraft:wooden_pickaxe":1},"minecraft:custom":{"minecraft:interact_with_furnace":10,"minecraft:mob_kills":31,"minecraft:interact_with_crafting_table":21,"minecraft:open_barrel":1,"minecraft:leave_game":8,"minecraft:time_since_death":506542,"minecraft:time_since_rest":506579,"minecraft:sprint_one_cm":84972,"minecraft:damage_taken":749,"minecraft:walk_one_cm":109605,"minecraft:drop":1,"minecraft:damage_dealt":1955,"minecraft:swim_one_cm":53226,"minecraft:fly_one_cm":85708,"minecraft:open_chest":2,"minecraft:crouch_one_cm":86,"minecraft:play_time":593814,"minecraft:deaths":2,"minecraft:sneak_time":74,"minecraft:walk_under_water_one_cm":10157,"minecraft:jump":499,"minecraft:walk_on_water_one_cm":8999,"minecraft:total_world_time":593814,"minecraft:fall_one_cm":9105},"minecraft:picked_up":{"minecraft:birch_log":30,"minecraft:crafting_table":4,"minecraft:feather":1,"minecraft:chicken":3,"minecraft:salmon":15,"minecraft:oak_log":26,"minecraft:dirt":54,"minecraft:stone_pickaxe":1,"minecraft:sugar_cane":22,"minecraft:birch_sapling":4,"minecraft:oak_planks":21,"minecraft:furnace":3,"minecraft:stick":7,"minecraft:raw_iron":3,"minecraft:oak_door":3,"minecraft:torch":3,"minecraft:porkchop":20,"minecraft:stone_sword":1,"minecraft:rotten_flesh":12,"minecraft:bone_meal":4,"minecraft:oak_sapling":11,"minecraft:mutton":7,"minecraft:coal":52,"minecraft:white_wool":4,"minecraft:cobblestone":239},"minecraft:killed_by":{"minecraft:skeleton":1},"minecraft:killed":{"minecraft:pig":6,"minecraft:salmon":14,"minecraft:sheep":4,"minecraft:zombie":3,"minecraft:chicken":3},"minecraft:crafted":{"minecraft:oak_door":3,"minecraft:oak_slab":6,"minecraft:oak_planks":80,"minecraft:stone_shovel":1,"minecraft:barrel":2,"minecraft:cooked_porkchop":5,"minecraft:crafting_table":3,"minecraft:wooden_pickaxe":2,"minecraft:furnace":2,"minecraft:cooked_salmon":1,"minecraft:birch_planks":56,"minecraft:stone_axe":3,"minecraft:air":0,"minecraft:stick":28,"minecraft:iron_ingot":3,"minecraft:iron_pickaxe":1,"minecraft:stone_pickaxe":2,"minecraft:wooden_axe":1,"minecraft:stone_sword":2,"minecraft:chest":2,"minecraft:torch":12},"minecraft:broken":{"minecraft:stone_pickaxe":1},"minecraft:mined":{"minecraft:oak_door":3,"minecraft:crafting_table":5,"minecraft:short_grass":2,"minecraft:grass_block":10,"minecraft:oak_planks":2,"minecraft:sugar_cane":11,"minecraft:wall_torch":2,"minecraft:furnace":3,"minecraft:birch_log":14,"minecraft:iron_ore":3,"minecraft:oak_log":20,"minecraft:coal_ore":41,"minecraft:dirt":27,"minecraft:stone":216,"minecraft:oak_leaves":13}},"DataVersion":3953}