{"stats":{"minecraft:used":{"minecraft:stone_sword":35,"minecraft:stone_pickaxe":43,"minecraft:wooden_pickaxe":29,"minecraft:rotten_flesh":10,"minecraft:stone_axe":1,"minecraft:dirt":18,"minecraft:mutton":2,"minecraft:crafting_table":2},"minecraft:dropped":{"minecraft:wooden_pickaxe":1},"minecraft:custom":{"minecraft:time_since_rest":53647,"minecraft:sprint_one_cm":50258,"minecraft:damage_taken":659,"minecraft:walk_one_cm":54545,"minecraft:mob_kills":15,"minecraft:drop":1,"minecraft:damage_dealt":1335,"minecraft:swim_one_cm":9980,"minecraft:interact_with_crafting_table":5,"minecraft:fly_one_cm":62709,"minecraft:crouch_one_cm":86,"minecraft:play_time":84134,"minecraft:deaths":1,"minecraft:sneak_time":21,"minecraft:walk_under_water_one_cm":219,"minecraft:jump":330,"minecraft:leave_game":6,"minecraft:walk_on_water_one_cm":1695,"minecraft:time_since_death":15355,"minecraft:total_world_time":84134,"minecraft:fall_one_cm":6096},"minecraft:picked_up":{"minecraft:birch_log":16,"minecraft:stick":2,"minecraft:crafting_table":1,"minecraft:feather":1,"minecraft:chicken":3,"minecraft:porkchop":10,"minecraft:oak_log":14,"minecraft:dirt":52,"minecraft:rotten_flesh":12,"minecraft:oak_sapling":1,"minecraft:birch_sapling":1,"minecraft:sugar_cane":22,"minecraft:mutton":7,"minecraft:coal":12,"minecraft:white_wool":4,"minecraft:cobblestone":58},"minecraft:killed_by":{"minecraft:skeleton":1},"minecraft:crafted":{"minecraft:oak_planks":56,"minecraft:crafting_table":2,"minecraft:stick":16,"minecraft:wooden_pickaxe":2,"minecraft:stone_pickaxe":2,"minecraft:wooden_axe":1,"minecraft:stone_sword":2,"minecraft:stone_axe":2},"minecraft:killed":{"minecraft:sheep":4,"minecraft:zombie":3,"minecraft:pig":4,"minecraft:chicken":3},"minecraft:mined":{"minecraft:birch_log":14,"minecraft:crafting_table":1,"minecraft:short_grass":2,"minecraft:coal_ore":13,"minecraft:grass_block":8,"minecraft:oak_log":14,"minecraft:dirt":27,"minecraft:stone":58,"minecraft:sugar_cane":11,"minecraft:oak_leaves":11}},"DataVersion":3953}