{"stats":{"minecraft:picked_up":{"minecraft:birch_log":35,"minecraft:crafting_table":9,"minecraft:feather":1,"minecraft:chicken":3,"minecraft:andesite":7,"minecraft:salmon":31,"minecraft:leather":6,"minecraft:lead":4,"minecraft:oak_log":34,"minecraft:gunpowder":6,"minecraft:lapis_lazuli":28,"minecraft:string":10,"minecraft:dirt":174,"minecraft:flint_and_steel":1,"minecraft:bone":13,"minecraft:cobbled_deepslate":12,"minecraft:wheat_seeds":2,"minecraft:light_weighted_pressure_plate":1,"minecraft:stone_pickaxe":1,"minecraft:sugar_cane":29,"minecraft:chest":2,"minecraft:birch_sapling":8,"minecraft:oak_planks":21,"minecraft:furnace":7,"minecraft:oak_slab":2,"minecraft:stick":7,"minecraft:raw_iron":38,"minecraft:oak_door":5,"minecraft:gravel":10,"minecraft:torch":31,"minecraft:fire_charge":1,"minecraft:porkchop":20,"minecraft:sand":2,"minecraft:golden_axe":1,"minecraft:diorite":7,"minecraft:barrel":2,"minecraft:spider_eye":6,"minecraft:stone_sword":1,"minecraft:arrow":14,"minecraft:rotten_flesh":17,"minecraft:diamond":4,"minecraft:granite":10,"minecraft:bone_meal":10,"minecraft:oak_sapling":16,"minecraft:mutton":7,"minecraft:coal":192,"minecraft:white_wool":5,"minecraft:cobblestone":429},"minecraft:crafted":{"minecraft:oak_door":3,"minecraft:oak_slab":6,"minecraft:oak_planks":92,"minecraft:stone_shovel":1,"minecraft:barrel":2,"minecraft:cooked_porkchop":5,"minecraft:crafting_table":4,"minecraft:wooden_pickaxe":2,"minecraft:furnace":7,"minecraft:cooked_salmon":26,"minecraft:cobblestone_stairs":4,"minecraft:bucket":2,"minecraft:birch_planks":76,"minecraft:stone_axe":3,"minecraft:air":0,"minecraft:iron_boots":1,"minecraft:iron_chestplate":1,"minecraft:book":2,"minecraft:paper":6,"minecraft:white_wool":1,"minecraft:shield":1,"minecraft:stick":52,"minecraft:iron_ingot":32,"minecraft:iron_pickaxe":2,"minecraft:stone_pickaxe":3,"minecraft:wooden_axe":1,"minecraft:stone_sword":3,"minecraft:chest":2,"minecraft:iron_leggings":1,"minecraft:torch":100},"minecraft:dropped":{"minecraft:andesite":1,"minecraft:wooden_pickaxe":1},"minecraft:used":{"minecraft:water_bucket":1,"minecraft:diorite":2,"minecraft:stone_sword":215,"minecraft:cobblestone_stairs":2,"minecraft:birch_planks":40,"minecraft:stone_shovel":9,"minecraft:stone_pickaxe":248,"minecraft:oak_planks":12,"minecraft:shield":8,"minecraft:chest":4,"minecraft:wooden_pickaxe":29,"minecraft:sugar_cane":1,"minecraft:cooked_salmon":11,"minecraft:rotten_flesh":14,"minecraft:iron_chestplate":1,"minecraft:oak_door":6,"minecraft:salmon":4,"minecraft:torch":123,"minecraft:dirt":18,"minecraft:mutton":2,"minecraft:oak_slab":4,"minecraft:crafting_table":12,"minecraft:iron_pickaxe":279,"minecraft:barrel":4,"minecraft:stone_axe":45,"minecraft:cobblestone":56,"minecraft:furnace":13,"minecraft:oak_sapling":1,"minecraft:cooked_porkchop":5,"minecraft:bucket":3},"minecraft:broken":{"minecraft:stone_pickaxe":1,"minecraft:stone_sword":1,"minecraft:iron_pickaxe":1},"minecraft:custom":{"minecraft:interact_with_furnace":44,"minecraft:mob_kills":78,"minecraft:interact_with_crafting_table":52,"minecraft:open_barrel":5,"minecraft:leave_game":10,"minecraft:time_since_death":559535,"minecraft:time_since_rest":559572,"minecraft:sprint_one_cm":224989,"minecraft:damage_taken":1848,"minecraft:walk_one_cm":240231,"minecraft:damage_blocked_by_shield":240,"minecraft:drop":2,"minecraft:damage_dealt":8024,"minecraft:talked_to_villager":1,"minecraft:swim_one_cm":115500,"minecraft:fly_one_cm":183309,"minecraft:open_chest":17,"minecraft:crouch_one_cm":1430,"minecraft:play_time":646807,"minecraft:deaths":2,"minecraft:sneak_time":474,"minecraft:walk_under_water_one_cm":22374,"minecraft:jump":1302,"minecraft:walk_on_water_one_cm":25718,"minecraft:total_world_time":646807,"minecraft:fall_one_cm":24625},"minecraft:killed_by":{"minecraft:skeleton":1},"minecraft:killed":{"minecraft:pig":6,"minecraft:salmon":30,"minecraft:spider":4,"minecraft:bat":3,"minecraft:wandering_trader":1,"minecraft:creeper":2,"minecraft:sheep":4,"minecraft:skeleton":8,"minecraft:trader_llama":2,"minecraft:zombie":9,"minecraft:chicken":3,"minecraft:drowned":2},"minecraft:mined":{"minecraft:oak_slab":2,"minecraft:deepslate_diamond_ore":4,"minecraft:oak_door":4,"minecraft:crafting_table":10,"minecraft:torch":3,"minecraft:granite":10,"minecraft:short_grass":2,"minecraft:grass_block":11,"minecraft:chest":2,"minecraft:cobblestone":10,"minecraft:oak_planks":2,"minecraft:sugar_cane":13,"minecraft:diorite":5,"minecraft:wall_torch":18,"minecraft:furnace":7,"minecraft:barrel":2,"minecraft:birch_log":19,"minecraft:iron_ore":35,"minecraft:andesite":5,"minecraft:deepslate_lapis_ore":5,"minecraft:deepslate_iron_ore":3,"minecraft:oak_log":26,"minecraft:coal_ore":115,"minecraft:gravel":10,"minecraft:dirt":27,"minecraft:stone":339,"minecraft:oak_leaves":14,"minecraft:deepslate":12}},"DataVersion":3953}