{"stats":{"minecraft:used":{"minecraft:stone_axe":1,"minecraft:stone_sword":12,"minecraft:crafting_table":1,"minecraft:stone_pickaxe":1,"minecraft:wooden_pickaxe":26},"minecraft:crafted":{"minecraft:stone_sword":1,"minecraft:oak_planks":24,"minecraft:stone_axe":1,"minecraft:crafting_table":1,"minecraft:stick":8,"minecraft:stone_pickaxe":1,"minecraft:wooden_pickaxe":1,"minecraft:wooden_axe":1},"minecraft:custom":{"minecraft:time_since_rest":6991,"minecraft:sprint_one_cm":13896,"minecraft:play_time":6991,"minecraft:walk_one_cm":12738,"minecraft:mob_kills":4,"minecraft:jump":100,"minecraft:damage_dealt":380,"minecraft:leave_game":1,"minecraft:time_since_death":6991,"minecraft:total_world_time":6991,"minecraft:interact_with_crafting_table":2,"minecraft:fall_one_cm":1678,"minecraft:fly_one_cm":19887},"minecraft:mined":{"minecraft:short_grass":2,"minecraft:grass_block":8,"minecraft:oak_log":6,"minecraft:dirt":24,"minecraft:stone":26,"minecraft:oak_leaves":3,"minecraft:crafting_table":1},"minecraft:picked_up":{"minecraft:stick":2,"minecraft:crafting_table":1,"minecraft:porkchop":7,"minecraft:oak_log":6,"minecraft:mutton":2,"minecraft:white_wool":1,"minecraft:dirt":32,"minecraft:cobblestone":26},"minecraft:killed":{"minecraft:sheep":1,"minecraft:pig":3}},"DataVersion":3953}