{"stats":{"minecraft:used":{"minecraft:stone_pickaxe":234,"minecraft:shield":9,"minecraft:wooden_pickaxe":59,"minecraft:rotten_flesh":2,"minecraft:stone_axe":82,"minecraft:torch":47,"minecraft:dirt":18,"minecraft:cobblestone":1,"minecraft:bow":1,"minecraft:crafting_table":4,"minecraft:furnace":1,"minecraft:cooked_porkchop":2},"minecraft:custom":{"minecraft:time_since_rest":32416,"minecraft:interact_with_furnace":5,"minecraft:sprint_one_cm":43859,"minecraft:damage_taken":185,"minecraft:walk_one_cm":107642,"minecraft:damage_blocked_by_shield":375,"minecraft:mob_kills":8,"minecraft:damage_dealt":1149,"minecraft:swim_one_cm":5746,"minecraft:interact_with_crafting_table":8,"minecraft:fly_one_cm":27129,"minecraft:play_time":32416,"minecraft:sneak_time":1,"minecraft:walk_under_water_one_cm":883,"minecraft:jump":507,"minecraft:leave_game":2,"minecraft:walk_on_water_one_cm":8879,"minecraft:time_since_death":32416,"minecraft:total_world_time":32416,"minecraft:fall_one_cm":5595},"minecraft:picked_up":{"minecraft:birch_log":5,"minecraft:raw_iron":2,"minecraft:stick":10,"minecraft:crafting_table":3,"minecraft:feather":1,"minecraft:chicken":1,"minecraft:pumpkin":8,"minecraft:torch":4,"minecraft:gravel":4,"minecraft:porkchop":4,"minecraft:oak_log":53,"minecraft:dirt":21,"minecraft:bone":3,"minecraft:arrow":1,"minecraft:rotten_flesh":2,"minecraft:bow":1,"minecraft:granite":4,"minecraft:oak_sapling":7,"minecraft:oak_planks":8,"minecraft:coal":121,"minecraft:cobblestone":164},"minecraft:crafted":{"minecraft:oak_planks":24,"minecraft:cooked_porkchop":4,"minecraft:shield":1,"minecraft:crafting_table":1,"minecraft:stick":20,"minecraft:iron_ingot":2,"minecraft:cooked_chicken":1,"minecraft:wooden_pickaxe":1,"minecraft:stone_pickaxe":2,"minecraft:furnace":1,"minecraft:torch":88,"minecraft:stone_axe":1,"minecraft:air":0},"minecraft:killed":{"minecraft:skeleton":4,"minecraft:zombie":1,"minecraft:pig":2,"minecraft:chicken":1},"minecraft:broken":{"minecraft:stone_pickaxe":1,"minecraft:bow":1,"minecraft:wooden_pickaxe":1},"minecraft:mined":{"minecraft:birch_log":5,"minecraft:iron_ore":2,"minecraft:birch_leaves":3,"minecraft:pumpkin":8,"minecraft:torch":2,"minecraft:crafting_table":3,"minecraft:granite":4,"minecraft:oak_log":49,"minecraft:grass_block":9,"minecraft:coal_ore":121,"minecraft:dirt":12,"minecraft:stone":165,"minecraft:wall_torch":2,"minecraft:oak_leaves":6}},"DataVersion":3953}