{"stats":{"minecraft:used":{"minecraft:cooked_mutton":5,"minecraft:stone_pickaxe":383,"minecraft:chest":2,"minecraft:wooden_pickaxe":59,"minecraft:shield":14,"minecraft:cooked_salmon":4,"minecraft:cooked_chicken":1,"minecraft:rotten_flesh":2,"minecraft:iron_chestplate":1,"minecraft:torch":172,"minecraft:dirt":18,"minecraft:crafting_table":10,"minecraft:blast_furnace":1,"minecraft:black_bed":2,"minecraft:iron_pickaxe":83,"minecraft:stone_axe":166,"minecraft:cobblestone":48,"minecraft:bow":1,"minecraft:sweet_berries":10,"minecraft:furnace":4,"minecraft:cooked_porkchop":5,"minecraft:iron_leggings":1},"minecraft:dropped":{"minecraft:wheat_seeds":1,"minecraft:tuff":1},"minecraft:custom":{"minecraft:interact_with_furnace":25,"minecraft:mob_kills":42,"minecraft:interact_with_crafting_table":21,"minecraft:leave_game":2,"minecraft:time_since_death":92416,"minecraft:climb_one_cm":312,"minecraft:sleep_in_bed":2,"minecraft:time_since_rest":47057,"minecraft:sprint_one_cm":156803,"minecraft:damage_taken":1049,"minecraft:walk_one_cm":324518,"minecraft:damage_blocked_by_shield":599,"minecraft:drop":2,"minecraft:damage_dealt":4872,"minecraft:talked_to_villager":1,"minecraft:swim_one_cm":37377,"minecraft:fly_one_cm":189463,"minecraft:open_chest":12,"minecraft:crouch_one_cm":1594,"minecraft:play_time":92416,"minecraft:sneak_time":464,"minecraft:walk_under_water_one_cm":14019,"minecraft:jump":1732,"minecraft:interact_with_blast_furnace":1,"minecraft:walk_on_water_one_cm":24467,"minecraft:total_world_time":92416,"minecraft:fall_one_cm":28667},"minecraft:picked_up":{"minecraft:birch_log":5,"minecraft:crafting_table":9,"minecraft:feather":1,"minecraft:chicken":1,"minecraft:andesite":1,"minecraft:salmon":22,"minecraft:leather":3,"minecraft:black_bed":1,"minecraft:red_mushroom":1,"minecraft:potato":1,"minecraft:tuff":8,"minecraft:oak_log":60,"minecraft:brewing_stand":1,"minecraft:lapis_lazuli":27,"minecraft:dirt":22,"minecraft:bone":10,"minecraft:stonecutter":1,"minecraft:bow":2,"minecraft:wheat_seeds":4,"minecraft:cobbled_deepslate":58,"minecraft:smooth_stone":8,"minecraft:raw_gold":10,"minecraft:beef":6,"minecraft:sugar_cane":25,"minecraft:oak_planks":8,"minecraft:furnace":3,"minecraft:stick":10,"minecraft:raw_iron":45,"minecraft:pumpkin":8,"minecraft:sweet_berries":28,"minecraft:torch":8,"minecraft:gravel":4,"minecraft:porkchop":7,"minecraft:blast_furnace":1,"minecraft:ink_sac":2,"minecraft:arrow":5,"minecraft:rotten_flesh":11,"minecraft:diamond":12,"minecraft:hay_block":9,"minecraft:granite":7,"minecraft:oak_sapling":7,"minecraft:mutton":5,"minecraft:coal":228,"minecraft:white_wool":3,"minecraft:cobblestone":172},"minecraft:killed":{"minecraft:pig":3,"minecraft:salmon":12,"minecraft:squid":1,"minecraft:sheep":3,"minecraft:skeleton":8,"minecraft:zombie":10,"minecraft:chicken":1,"minecraft:cow":4},"minecraft:crafted":{"minecraft:black_dye":2,"minecraft:oak_planks":56,"minecraft:cooked_porkchop":5,"minecraft:crafting_table":2,"minecraft:wooden_pickaxe":1,"minecraft:cooked_chicken":1,"minecraft:furnace":2,"minecraft:cooked_salmon":11,"minecraft:birch_planks":20,"minecraft:stone_axe":2,"minecraft:cooked_mutton":5,"minecraft:air":0,"minecraft:iron_chestplate":1,"minecraft:shield":1,"minecraft:stick":64,"minecraft:iron_ingot":23,"minecraft:iron_pickaxe":1,"minecraft:stone_pickaxe":3,"minecraft:chest":2,"minecraft:iron_leggings":1,"minecraft:black_bed":1,"minecraft:white_bed":1,"minecraft:torch":232},"minecraft:broken":{"minecraft:stone_pickaxe":2,"minecraft:stone_axe":1,"minecraft:bow":1,"minecraft:wooden_pickaxe":1},"minecraft:mined":{"minecraft:tuff":13,"minecraft:deepslate_diamond_ore":12,"minecraft:brewing_stand":1,"minecraft:crafting_table":9,"minecraft:torch":3,"minecraft:granite":7,"minecraft:short_grass":37,"minecraft:blast_furnace":1,"minecraft:grass_block":10,"minecraft:cobblestone":8,"minecraft:deepslate_gold_ore":11,"minecraft:red_mushroom":1,"minecraft:sugar_cane":17,"minecraft:wall_torch":4,"minecraft:smooth_stone":8,"minecraft:hay_block":10,"minecraft:furnace":3,"minecraft:birch_log":5,"minecraft:iron_ore":12,"minecraft:andesite":1,"minecraft:birch_leaves":3,"minecraft:pumpkin":8,"minecraft:black_bed":1,"minecraft:deepslate_lapis_ore":4,"minecraft:coal_ore":157,"minecraft:oak_log":56,"minecraft:deepslate_iron_ore":37,"minecraft:dirt":12,"minecraft:stonecutter":1,"minecraft:stone":167,"minecraft:deepslate":58,"minecraft:oak_leaves":6}},"DataVersion":3953}