{"stats":{"minecraft:used":{"minecraft:cooked_mutton":4,"minecraft:stone_pickaxe":346,"minecraft:chest":2,"minecraft:wooden_pickaxe":59,"minecraft:shield":11,"minecraft:cooked_chicken":1,"minecraft:rotten_flesh":2,"minecraft:torch":97,"minecraft:dirt":18,"minecraft:crafting_table":8,"minecraft:blast_furnace":1,"minecraft:black_bed":2,"minecraft:stone_axe":143,"minecraft:cobblestone":5,"minecraft:bow":1,"minecraft:sweet_berries":10,"minecraft:furnace":3,"minecraft:cooked_porkchop":4},"minecraft:dropped":{"minecraft:wheat_seeds":1},"minecraft:custom":{"minecraft:interact_with_furnace":18,"minecraft:mob_kills":34,"minecraft:interact_with_crafting_table":15,"minecraft:leave_game":2,"minecraft:time_since_death":68416,"minecraft:climb_one_cm":312,"minecraft:sleep_in_bed":2,"minecraft:time_since_rest":23057,"minecraft:sprint_one_cm":129958,"minecraft:damage_taken":685,"minecraft:walk_one_cm":214863,"minecraft:damage_blocked_by_shield":514,"minecraft:drop":1,"minecraft:damage_dealt":3353,"minecraft:talked_to_villager":1,"minecraft:swim_one_cm":37377,"minecraft:fly_one_cm":173000,"minecraft:open_chest":9,"minecraft:crouch_one_cm":176,"minecraft:play_time":68416,"minecraft:sneak_time":36,"minecraft:walk_under_water_one_cm":12866,"minecraft:jump":1305,"minecraft:interact_with_blast_furnace":1,"minecraft:walk_on_water_one_cm":20006,"minecraft:total_world_time":68416,"minecraft:fall_one_cm":23155},"minecraft:picked_up":{"minecraft:birch_log":5,"minecraft:crafting_table":7,"minecraft:feather":1,"minecraft:chicken":1,"minecraft:andesite":1,"minecraft:salmon":22,"minecraft:leather":3,"minecraft:black_bed":1,"minecraft:red_mushroom":1,"minecraft:tuff":4,"minecraft:oak_log":60,"minecraft:brewing_stand":1,"minecraft:lapis_lazuli":15,"minecraft:dirt":22,"minecraft:bone":4,"minecraft:stonecutter":1,"minecraft:bow":2,"minecraft:wheat_seeds":4,"minecraft:cobbled_deepslate":10,"minecraft:smooth_stone":8,"minecraft:beef":6,"minecraft:sugar_cane":25,"minecraft:oak_planks":8,"minecraft:furnace":2,"minecraft:stick":10,"minecraft:raw_iron":19,"minecraft:pumpkin":8,"minecraft:sweet_berries":28,"minecraft:torch":8,"minecraft:gravel":4,"minecraft:porkchop":7,"minecraft:blast_furnace":1,"minecraft:ink_sac":2,"minecraft:arrow":2,"minecraft:rotten_flesh":3,"minecraft:hay_block":9,"minecraft:granite":7,"minecraft:oak_sapling":7,"minecraft:mutton":5,"minecraft:coal":199,"minecraft:white_wool":3,"minecraft:cobblestone":167},"minecraft:killed":{"minecraft:pig":3,"minecraft:salmon":12,"minecraft:squid":1,"minecraft:sheep":3,"minecraft:skeleton":5,"minecraft:zombie":5,"minecraft:chicken":1,"minecraft:cow":4},"minecraft:crafted":{"minecraft:black_dye":2,"minecraft:oak_planks":48,"minecraft:cooked_porkchop":5,"minecraft:crafting_table":1,"minecraft:wooden_pickaxe":1,"minecraft:cooked_chicken":1,"minecraft:furnace":1,"minecraft:cooked_salmon":11,"minecraft:birch_planks":20,"minecraft:stone_axe":2,"minecraft:cooked_mutton":5,"minecraft:air":0,"minecraft:shield":1,"minecraft:stick":60,"minecraft:iron_ingot":2,"minecraft:stone_pickaxe":3,"minecraft:chest":2,"minecraft:black_bed":1,"minecraft:white_bed":1,"minecraft:torch":232},"minecraft:broken":{"minecraft:stone_pickaxe":2,"minecraft:stone_axe":1,"minecraft:bow":1,"minecraft:wooden_pickaxe":1},"minecraft:mined":{"minecraft:tuff":4,"minecraft:brewing_stand":1,"minecraft:crafting_table":7,"minecraft:torch":3,"minecraft:granite":7,"minecraft:short_grass":37,"minecraft:blast_furnace":1,"minecraft:grass_block":10,"minecraft:cobblestone":1,"minecraft:red_mushroom":1,"minecraft:sugar_cane":17,"minecraft:wall_torch":4,"minecraft:smooth_stone":8,"minecraft:hay_block":10,"minecraft:furnace":2,"minecraft:birch_log":5,"minecraft:iron_ore":12,"minecraft:andesite":1,"minecraft:birch_leaves":3,"minecraft:pumpkin":8,"minecraft:black_bed":1,"minecraft:deepslate_lapis_ore":2,"minecraft:coal_ore":157,"minecraft:oak_log":56,"minecraft:deepslate_iron_ore":7,"minecraft:dirt":12,"minecraft:stonecutter":1,"minecraft:stone":167,"minecraft:deepslate":10,"minecraft:oak_leaves":6}},"DataVersion":3953}