{"stats":{"minecraft:used":{"minecraft:chest":2,"minecraft:shield":14,"minecraft:iron_sword":30,"minecraft:cooked_salmon":6,"minecraft:cooked_chicken":1,"minecraft:rotten_flesh":7,"minecraft:iron_chestplate":1,"minecraft:torch":190,"minecraft:dirt":18,"minecraft:dark_oak_planks":3,"minecraft:iron_axe":79,"minecraft:iron_helmet":1,"minecraft:bow":1,"minecraft:sweet_berries":10,"minecraft:furnace":6,"minecraft:cooked_beef":5,"minecraft:cobbled_deepslate":58,"minecraft:iron_leggings":1,"minecraft:cooked_mutton":5,"minecraft:stone_pickaxe":406,"minecraft:wooden_pickaxe":59,"minecraft:sugar_cane":2,"minecraft:crafting_table":12,"minecraft:blast_furnace":1,"minecraft:black_bed":2,"minecraft:dark_oak_log":6,"minecraft:bread":2,"minecraft:iron_pickaxe":136,"minecraft:stone_axe":195,"minecraft:cobblestone":74,"minecraft:cooked_porkchop":7,"minecraft:oak_boat":1},"minecraft:dropped":{"minecraft:wheat_seeds":1,"minecraft:tuff":1},"minecraft:custom":{"minecraft:mob_kills":59,"minecraft:interact_with_crafting_table":30,"minecraft:leave_game":3,"minecraft:time_since_death":11040,"minecraft:climb_one_cm":696,"minecraft:sprint_one_cm":339408,"minecraft:walk_one_cm":439818,"minecraft:damage_blocked_by_shield":599,"minecraft:drop":2,"minecraft:talked_to_villager":2,"minecraft:play_time":241871,"minecraft:deaths":1,"minecraft:sneak_time":947,"minecraft:walk_under_water_one_cm":19737,"minecraft:boat_one_cm":51045,"minecraft:jump":3212,"minecraft:interact_with_blast_furnace":9,"minecraft:walk_on_water_one_cm":37828,"minecraft:total_world_time":241871,"minecraft:interact_with_furnace":33,"minecraft:sleep_in_bed":3,"minecraft:time_since_rest":11160,"minecraft:damage_taken":2202,"minecraft:damage_dealt":6861,"minecraft:swim_one_cm":71800,"minecraft:fly_one_cm":443642,"minecraft:open_chest":33,"minecraft:crouch_one_cm":2338,"minecraft:fall_one_cm":72594},"minecraft:picked_up":{"minecraft:crafting_table":10,"minecraft:chicken":2,"minecraft:brewing_stand":1,"minecraft:string":2,"minecraft:smooth_stone":8,"minecraft:cobbled_deepslate":71,"minecraft:beef":25,"minecraft:oak_boat":1,"minecraft:melon_slice":15,"minecraft:sugar_cane":33,"minecraft:furnace":4,"minecraft:raw_iron":47,"minecraft:stick":10,"minecraft:torch":11,"minecraft:porkchop":7,"minecraft:dark_oak_planks":2,"minecraft:arrow":9,"minecraft:rotten_flesh":16,"minecraft:hay_block":16,"minecraft:mutton":9,"minecraft:white_wool":6,"minecraft:cobblestone":222,"minecraft:birch_log":5,"minecraft:feather":1,"minecraft:cooked_beef":4,"minecraft:salmon":22,"minecraft:andesite":3,"minecraft:black_bed":1,"minecraft:leather":10,"minecraft:red_mushroom":1,"minecraft:potato":1,"minecraft:tuff":8,"minecraft:oak_log":80,"minecraft:dirt":37,"minecraft:lapis_lazuli":27,"minecraft:bone":12,"minecraft:bow":2,"minecraft:stonecutter":1,"minecraft:wheat_seeds":8,"minecraft:raw_gold":10,"minecraft:grindstone":1,"minecraft:oak_planks":8,"minecraft:pumpkin":8,"minecraft:sweet_berries":28,"minecraft:gravel":4,"minecraft:blast_furnace":1,"minecraft:ink_sac":2,"minecraft:dark_oak_log":42,"minecraft:diamond":12,"minecraft:granite":7,"minecraft:oak_sapling":7,"minecraft:coal":265},"minecraft:killed":{"minecraft:spider":1,"minecraft:skeleton":10,"minecraft:chicken":3,"minecraft:pig":3,"minecraft:salmon":12,"minecraft:squid":1,"minecraft:sheep":6,"minecraft:zombie":11,"minecraft:cow":12},"minecraft:crafted":{"minecraft:black_dye":2,"minecraft:oak_planks":80,"minecraft:cooked_chicken":1,"minecraft:furnace":2,"minecraft:cooked_mutton":5,"minecraft:iron_boots":1,"minecraft:iron_axe":1,"minecraft:stone_pickaxe":3,"minecraft:chest":2,"minecraft:dark_oak_planks":92,"minecraft:cooked_beef":2,"minecraft:cooked_porkchop":7,"minecraft:crafting_table":2,"minecraft:wooden_pickaxe":1,"minecraft:iron_helmet":1,"minecraft:iron_sword":1,"minecraft:cooked_salmon":11,"minecraft:birch_planks":20,"minecraft:stone_axe":2,"minecraft:air":0,"minecraft:oak_boat":1,"minecraft:iron_chestplate":1,"minecraft:golden_apple":1,"minecraft:diamond_pickaxe":1,"minecraft:shield":1,"minecraft:stick":76,"minecraft:iron_ingot":45,"minecraft:iron_pickaxe":1,"minecraft:iron_block":1,"minecraft:iron_leggings":1,"minecraft:gold_ingot":10,"minecraft:black_bed":1,"minecraft:white_bed":1,"minecraft:torch":252},"minecraft:broken":{"minecraft:wooden_pickaxe":1,"minecraft:stone_pickaxe":2,"minecraft:stone_axe":2,"minecraft:bow":1},"minecraft:mined":{"minecraft:dark_oak_planks":3,"minecraft:tuff":13,"minecraft:deepslate_diamond_ore":12,"minecraft:dark_oak_log":42,"minecraft:brewing_stand":1,"minecraft:granite":7,"minecraft:grass_block":18,"minecraft:red_mushroom":1,"minecraft:hay_block":17,"minecraft:smooth_stone":8,"minecraft:furnace":4,"minecraft:iron_ore":14,"minecraft:cobbled_deepslate":10,"minecraft:andesite":3,"minecraft:pumpkin":8,"minecraft:deepslate_lapis_ore":4,"minecraft:deepslate_iron_ore":37,"minecraft:stone":218,"minecraft:crafting_table":10,"minecraft:torch":3,"minecraft:short_grass":97,"minecraft:blast_furnace":1,"minecraft:melon":3,"minecraft:cobblestone":9,"minecraft:tall_grass":2,"minecraft:deepslate_gold_ore":11,"minecraft:grindstone":1,"minecraft:sugar_cane":21,"minecraft:wall_torch":5,"minecraft:birch_log":5,"minecraft:birch_leaves":4,"minecraft:black_bed":1,"minecraft:oak_log":76,"minecraft:coal_ore":165,"minecraft:dirt":19,"minecraft:stonecutter":1,"minecraft:oak_leaves":12,"minecraft:deepslate":58}},"DataVersion":3953}