{"stats":{"minecraft:used":{"minecraft:stone_axe":43,"minecraft:dirt":5,"minecraft:crafting_table":2,"minecraft:wooden_pickaxe":59},"minecraft:custom":{"minecraft:time_since_rest":8416,"minecraft:sprint_one_cm":7854,"minecraft:play_time":8416,"minecraft:damage_taken":30,"minecraft:walk_one_cm":12700,"minecraft:walk_under_water_one_cm":505,"minecraft:jump":81,"minecraft:time_since_death":8416,"minecraft:leave_game":2,"minecraft:walk_on_water_one_cm":2994,"minecraft:total_world_time":8416,"minecraft:swim_one_cm":2838,"minecraft:fall_one_cm":1734,"minecraft:interact_with_crafting_table":2,"minecraft:fly_one_cm":5657},"minecraft:picked_up":{"minecraft:birch_log":5,"minecraft:crafting_table":1,"minecraft:oak_log":41,"minecraft:coal":22,"minecraft:oak_planks":8,"minecraft:dirt":5,"minecraft:cobblestone":37},"minecraft:crafted":{"minecraft:oak_planks":24,"minecraft:stone_axe":1,"minecraft:crafting_table":1,"minecraft:stick":4,"minecraft:wooden_pickaxe":1},"minecraft:broken":{"minecraft:wooden_pickaxe":1},"minecraft:mined":{"minecraft:coal_ore":22,"minecraft:grass_block":3,"minecraft:oak_log":37,"minecraft:dirt":2,"minecraft:birch_log":5,"minecraft:stone":37,"minecraft:birch_leaves":3,"minecraft:oak_leaves":6,"minecraft:crafting_table":1}},"DataVersion":3953}