{"stats":{"minecraft:used":{"minecraft:stone_pickaxe":131,"minecraft:wooden_pickaxe":59,"minecraft:stone_axe":70,"minecraft:torch":11,"minecraft:dirt":7,"minecraft:crafting_table":4,"minecraft:furnace":1,"minecraft:cooked_porkchop":1},"minecraft:custom":{"minecraft:time_since_rest":20416,"minecraft:interact_with_furnace":3,"minecraft:sprint_one_cm":25151,"minecraft:damage_taken":30,"minecraft:walk_one_cm":47801,"minecraft:mob_kills":3,"minecraft:damage_dealt":240,"minecraft:swim_one_cm":5746,"minecraft:interact_with_crafting_table":4,"minecraft:fly_one_cm":19292,"minecraft:play_time":20416,"minecraft:sneak_time":1,"minecraft:walk_under_water_one_cm":731,"minecraft:jump":260,"minecraft:leave_game":2,"minecraft:walk_on_water_one_cm":3314,"minecraft:time_since_death":20416,"minecraft:total_world_time":20416,"minecraft:fall_one_cm":3946},"minecraft:picked_up":{"minecraft:birch_log":5,"minecraft:raw_iron":2,"minecraft:stick":10,"minecraft:crafting_table":3,"minecraft:feather":1,"minecraft:chicken":1,"minecraft:pumpkin":8,"minecraft:porkchop":4,"minecraft:oak_log":53,"minecraft:dirt":21,"minecraft:oak_sapling":7,"minecraft:oak_planks":8,"minecraft:coal":78,"minecraft:cobblestone":110},"minecraft:killed":{"minecraft:pig":2,"minecraft:chicken":1},"minecraft:crafted":{"minecraft:oak_planks":24,"minecraft:cooked_porkchop":4,"minecraft:crafting_table":1,"minecraft:stick":4,"minecraft:cooked_chicken":1,"minecraft:wooden_pickaxe":1,"minecraft:stone_pickaxe":1,"minecraft:furnace":1,"minecraft:torch":32,"minecraft:stone_axe":1,"minecraft:air":0},"minecraft:broken":{"minecraft:stone_pickaxe":1,"minecraft:wooden_pickaxe":1},"minecraft:mined":{"minecraft:birch_log":5,"minecraft:iron_ore":2,"minecraft:birch_leaves":3,"minecraft:pumpkin":8,"minecraft:crafting_table":3,"minecraft:oak_log":49,"minecraft:grass_block":9,"minecraft:coal_ore":78,"minecraft:dirt":12,"minecraft:stone":110,"minecraft:oak_leaves":6}},"DataVersion":3953}