{"stats":{"minecraft:used":{"minecraft:stone_pickaxe":287,"minecraft:wooden_pickaxe":59,"minecraft:shield":10,"minecraft:cooked_chicken":1,"minecraft:rotten_flesh":2,"minecraft:torch":47,"minecraft:dirt":18,"minecraft:crafting_table":7,"minecraft:black_bed":1,"minecraft:stone_axe":127,"minecraft:cobblestone":1,"minecraft:bow":1,"minecraft:sweet_berries":10,"minecraft:furnace":2,"minecraft:cooked_porkchop":4},"minecraft:dropped":{"minecraft:wheat_seeds":1},"minecraft:custom":{"minecraft:interact_with_furnace":8,"minecraft:mob_kills":28,"minecraft:interact_with_crafting_table":14,"minecraft:leave_game":2,"minecraft:time_since_death":56416,"minecraft:climb_one_cm":312,"minecraft:sleep_in_bed":2,"minecraft:time_since_rest":11057,"minecraft:sprint_one_cm":119772,"minecraft:damage_taken":430,"minecraft:walk_one_cm":171694,"minecraft:damage_blocked_by_shield":400,"minecraft:drop":1,"minecraft:damage_dealt":2250,"minecraft:talked_to_villager":1,"minecraft:swim_one_cm":37377,"minecraft:fly_one_cm":151602,"minecraft:open_chest":1,"minecraft:play_time":56416,"minecraft:sneak_time":1,"minecraft:walk_under_water_one_cm":12583,"minecraft:jump":1082,"minecraft:walk_on_water_one_cm":18764,"minecraft:total_world_time":56416,"minecraft:fall_one_cm":18464},"minecraft:picked_up":{"minecraft:birch_log":5,"minecraft:crafting_table":7,"minecraft:feather":1,"minecraft:chicken":1,"minecraft:salmon":11,"minecraft:leather":3,"minecraft:black_bed":1,"minecraft:red_mushroom":1,"minecraft:oak_log":60,"minecraft:brewing_stand":1,"minecraft:dirt":22,"minecraft:bone":3,"minecraft:stonecutter":1,"minecraft:bow":1,"minecraft:wheat_seeds":2,"minecraft:smooth_stone":8,"minecraft:beef":6,"minecraft:sugar_cane":24,"minecraft:oak_planks":8,"minecraft:furnace":2,"minecraft:stick":10,"minecraft:raw_iron":2,"minecraft:pumpkin":8,"minecraft:sweet_berries":28,"minecraft:torch":5,"minecraft:gravel":4,"minecraft:porkchop":4,"minecraft:blast_furnace":1,"minecraft:ink_sac":2,"minecraft:arrow":1,"minecraft:rotten_flesh":2,"minecraft:hay_block":9,"minecraft:granite":4,"minecraft:oak_sapling":7,"minecraft:mutton":5,"minecraft:coal":195,"minecraft:white_wool":3,"minecraft:cobblestone":165},"minecraft:killed":{"minecraft:pig":2,"minecraft:salmon":12,"minecraft:squid":1,"minecraft:sheep":3,"minecraft:skeleton":4,"minecraft:zombie":1,"minecraft:chicken":1,"minecraft:cow":4},"minecraft:crafted":{"minecraft:black_dye":2,"minecraft:oak_planks":28,"minecraft:cooked_porkchop":4,"minecraft:crafting_table":1,"minecraft:wooden_pickaxe":1,"minecraft:cooked_chicken":1,"minecraft:furnace":1,"minecraft:birch_planks":20,"minecraft:stone_axe":2,"minecraft:cooked_mutton":5,"minecraft:air":0,"minecraft:shield":1,"minecraft:stick":60,"minecraft:iron_ingot":2,"minecraft:stone_pickaxe":3,"minecraft:black_bed":1,"minecraft:white_bed":1,"minecraft:torch":88},"minecraft:broken":{"minecraft:stone_pickaxe":2,"minecraft:stone_axe":1,"minecraft:bow":1,"minecraft:wooden_pickaxe":1},"minecraft:mined":{"minecraft:brewing_stand":1,"minecraft:crafting_table":7,"minecraft:torch":2,"minecraft:granite":4,"minecraft:short_grass":22,"minecraft:blast_furnace":1,"minecraft:grass_block":10,"minecraft:red_mushroom":1,"minecraft:sugar_cane":15,"minecraft:wall_torch":3,"minecraft:smooth_stone":8,"minecraft:hay_block":10,"minecraft:furnace":2,"minecraft:birch_log":5,"minecraft:iron_ore":2,"minecraft:birch_leaves":3,"minecraft:pumpkin":8,"minecraft:black_bed":1,"minecraft:coal_ore":154,"minecraft:oak_log":56,"minecraft:dirt":12,"minecraft:stonecutter":1,"minecraft:stone":166,"minecraft:oak_leaves":6}},"DataVersion":3953}