{"stats":{"minecraft:used":{"minecraft:cooked_mutton":5,"minecraft:stone_pickaxe":394,"minecraft:chest":2,"minecraft:wooden_pickaxe":59,"minecraft:shield":14,"minecraft:iron_sword":4,"minecraft:cooked_salmon":4,"minecraft:cooked_chicken":1,"minecraft:rotten_flesh":2,"minecraft:iron_chestplate":1,"minecraft:torch":182,"minecraft:dirt":18,"minecraft:crafting_table":12,"minecraft:blast_furnace":1,"minecraft:black_bed":2,"minecraft:dark_oak_log":5,"minecraft:iron_axe":43,"minecraft:iron_pickaxe":86,"minecraft:iron_helmet":1,"minecraft:stone_axe":167,"minecraft:cobblestone":74,"minecraft:bow":1,"minecraft:sweet_berries":10,"minecraft:furnace":6,"minecraft:cooked_porkchop":5,"minecraft:oak_boat":1,"minecraft:cooked_beef":1,"minecraft:cobbled_deepslate":58,"minecraft:iron_leggings":1},"minecraft:dropped":{"minecraft:wheat_seeds":1,"minecraft:tuff":1},"minecraft:custom":{"minecraft:interact_with_furnace":29,"minecraft:mob_kills":49,"minecraft:interact_with_crafting_table":30,"minecraft:leave_game":2,"minecraft:time_since_death":116416,"minecraft:climb_one_cm":312,"minecraft:sleep_in_bed":3,"minecraft:time_since_rest":21194,"minecraft:sprint_one_cm":189732,"minecraft:damage_taken":1117,"minecraft:walk_one_cm":363512,"minecraft:damage_blocked_by_shield":599,"minecraft:drop":2,"minecraft:damage_dealt":5511,"minecraft:talked_to_villager":2,"minecraft:swim_one_cm":37377,"minecraft:fly_one_cm":246540,"minecraft:open_chest":27,"minecraft:crouch_one_cm":2010,"minecraft:play_time":116416,"minecraft:sneak_time":663,"minecraft:walk_under_water_one_cm":15907,"minecraft:boat_one_cm":51045,"minecraft:jump":2158,"minecraft:interact_with_blast_furnace":9,"minecraft:walk_on_water_one_cm":28242,"minecraft:total_world_time":116416,"minecraft:fall_one_cm":38521},"minecraft:picked_up":{"minecraft:birch_log":5,"minecraft:crafting_table":10,"minecraft:cooked_beef":4,"minecraft:feather":1,"minecraft:chicken":2,"minecraft:andesite":1,"minecraft:salmon":22,"minecraft:leather":7,"minecraft:black_bed":1,"minecraft:red_mushroom":1,"minecraft:potato":1,"minecraft:tuff":8,"minecraft:oak_log":66,"minecraft:brewing_stand":1,"minecraft:lapis_lazuli":27,"minecraft:dirt":22,"minecraft:bone":10,"minecraft:stonecutter":1,"minecraft:bow":2,"minecraft:wheat_seeds":5,"minecraft:cobbled_deepslate":71,"minecraft:smooth_stone":8,"minecraft:raw_gold":10,"minecraft:beef":19,"minecraft:oak_boat":1,"minecraft:sugar_cane":25,"minecraft:oak_planks":8,"minecraft:furnace":4,"minecraft:stick":10,"minecraft:raw_iron":45,"minecraft:pumpkin":8,"minecraft:sweet_berries":28,"minecraft:torch":10,"minecraft:gravel":4,"minecraft:porkchop":7,"minecraft:blast_furnace":1,"minecraft:ink_sac":2,"minecraft:dark_oak_log":26,"minecraft:arrow":5,"minecraft:rotten_flesh":11,"minecraft:diamond":12,"minecraft:hay_block":9,"minecraft:granite":7,"minecraft:oak_sapling":7,"minecraft:mutton":5,"minecraft:coal":258,"minecraft:white_wool":3,"minecraft:cobblestone":176},"minecraft:killed":{"minecraft:pig":3,"minecraft:salmon":12,"minecraft:squid":1,"minecraft:sheep":3,"minecraft:skeleton":8,"minecraft:zombie":10,"minecraft:chicken":3,"minecraft:cow":9},"minecraft:crafted":{"minecraft:black_dye":2,"minecraft:oak_planks":80,"minecraft:cooked_porkchop":7,"minecraft:crafting_table":2,"minecraft:iron_helmet":1,"minecraft:wooden_pickaxe":1,"minecraft:cooked_chicken":1,"minecraft:iron_sword":1,"minecraft:furnace":2,"minecraft:cooked_salmon":11,"minecraft:birch_planks":20,"minecraft:stone_axe":2,"minecraft:cooked_mutton":5,"minecraft:air":0,"minecraft:oak_boat":1,"minecraft:diamond_pickaxe":1,"minecraft:golden_apple":1,"minecraft:iron_boots":1,"minecraft:iron_chestplate":1,"minecraft:shield":1,"minecraft:iron_axe":1,"minecraft:stick":76,"minecraft:iron_ingot":45,"minecraft:iron_pickaxe":1,"minecraft:stone_pickaxe":3,"minecraft:iron_block":1,"minecraft:gold_ingot":10,"minecraft:chest":2,"minecraft:iron_leggings":1,"minecraft:black_bed":1,"minecraft:white_bed":1,"minecraft:torch":232},"minecraft:broken":{"minecraft:stone_pickaxe":2,"minecraft:stone_axe":1,"minecraft:bow":1,"minecraft:wooden_pickaxe":1},"minecraft:mined":{"minecraft:tuff":13,"minecraft:deepslate_diamond_ore":12,"minecraft:dark_oak_log":26,"minecraft:brewing_stand":1,"minecraft:crafting_table":10,"minecraft:torch":3,"minecraft:granite":7,"minecraft:short_grass":40,"minecraft:blast_furnace":1,"minecraft:grass_block":10,"minecraft:tall_grass":1,"minecraft:cobblestone":9,"minecraft:deepslate_gold_ore":11,"minecraft:red_mushroom":1,"minecraft:sugar_cane":17,"minecraft:wall_torch":4,"minecraft:smooth_stone":8,"minecraft:hay_block":10,"minecraft:furnace":4,"minecraft:birch_log":5,"minecraft:iron_ore":12,"minecraft:cobbled_deepslate":10,"minecraft:andesite":1,"minecraft:birch_leaves":3,"minecraft:pumpkin":8,"minecraft:black_bed":1,"minecraft:deepslate_lapis_ore":4,"minecraft:coal_ore":157,"minecraft:oak_log":62,"minecraft:deepslate_iron_ore":37,"minecraft:dirt":12,"minecraft:stonecutter":1,"minecraft:stone":169,"minecraft:deepslate":58,"minecraft:oak_leaves":6}},"DataVersion":3953}