{"stats":{"minecraft:used":{"minecraft:stone_pickaxe":271,"minecraft:wooden_pickaxe":59,"minecraft:shield":10,"minecraft:rotten_flesh":2,"minecraft:torch":47,"minecraft:dirt":18,"minecraft:crafting_table":6,"minecraft:black_bed":1,"minecraft:stone_axe":109,"minecraft:cobblestone":1,"minecraft:bow":1,"minecraft:furnace":1,"minecraft:cooked_porkchop":4},"minecraft:dropped":{"minecraft:wheat_seeds":1},"minecraft:custom":{"minecraft:interact_with_furnace":5,"minecraft:mob_kills":24,"minecraft:interact_with_crafting_table":10,"minecraft:leave_game":2,"minecraft:time_since_death":44416,"minecraft:sleep_in_bed":1,"minecraft:time_since_rest":1484,"minecraft:sprint_one_cm":68655,"minecraft:damage_taken":335,"minecraft:walk_one_cm":136907,"minecraft:damage_blocked_by_shield":400,"minecraft:drop":1,"minecraft:damage_dealt":1850,"minecraft:swim_one_cm":35435,"minecraft:fly_one_cm":66132,"minecraft:play_time":44416,"minecraft:sneak_time":1,"minecraft:walk_under_water_one_cm":10554,"minecraft:jump":762,"minecraft:walk_on_water_one_cm":16986,"minecraft:total_world_time":44416,"minecraft:fall_one_cm":12862},"minecraft:picked_up":{"minecraft:birch_log":5,"minecraft:crafting_table":6,"minecraft:feather":1,"minecraft:chicken":1,"minecraft:salmon":11,"minecraft:black_bed":1,"minecraft:oak_log":53,"minecraft:dirt":22,"minecraft:bone":3,"minecraft:bow":1,"minecraft:wheat_seeds":1,"minecraft:sugar_cane":14,"minecraft:oak_planks":8,"minecraft:furnace":1,"minecraft:stick":10,"minecraft:raw_iron":2,"minecraft:pumpkin":8,"minecraft:sweet_berries":28,"minecraft:torch":5,"minecraft:gravel":4,"minecraft:porkchop":4,"minecraft:ink_sac":2,"minecraft:arrow":1,"minecraft:rotten_flesh":2,"minecraft:granite":4,"minecraft:oak_sapling":7,"minecraft:mutton":5,"minecraft:coal":195,"minecraft:white_wool":3,"minecraft:cobblestone":165},"minecraft:killed":{"minecraft:pig":2,"minecraft:salmon":12,"minecraft:squid":1,"minecraft:sheep":3,"minecraft:skeleton":4,"minecraft:zombie":1,"minecraft:chicken":1},"minecraft:crafted":{"minecraft:black_dye":2,"minecraft:oak_planks":28,"minecraft:cooked_porkchop":4,"minecraft:crafting_table":1,"minecraft:wooden_pickaxe":1,"minecraft:cooked_chicken":1,"minecraft:furnace":1,"minecraft:birch_planks":20,"minecraft:stone_axe":1,"minecraft:air":0,"minecraft:shield":1,"minecraft:stick":60,"minecraft:iron_ingot":2,"minecraft:stone_pickaxe":3,"minecraft:black_bed":1,"minecraft:white_bed":1,"minecraft:torch":88},"minecraft:broken":{"minecraft:stone_pickaxe":2,"minecraft:stone_axe":1,"minecraft:bow":1,"minecraft:wooden_pickaxe":1},"minecraft:mined":{"minecraft:crafting_table":6,"minecraft:torch":2,"minecraft:granite":4,"minecraft:short_grass":13,"minecraft:grass_block":10,"minecraft:sugar_cane":9,"minecraft:wall_torch":3,"minecraft:furnace":1,"minecraft:birch_log":5,"minecraft:iron_ore":2,"minecraft:birch_leaves":3,"minecraft:pumpkin":8,"minecraft:black_bed":1,"minecraft:coal_ore":154,"minecraft:oak_log":49,"minecraft:dirt":12,"minecraft:stone":166,"minecraft:oak_leaves":6}},"DataVersion":3953}